abstract,author,id,link,published,title
现在我们又一次处在商业时代的晨昏交替点，如何去把握新时代的脉搏？,张鹏,,,,2019，再一次拥抱不确定
「你可以支持他们，你可以反对他们，赞美或贬低他们，但你唯独不能忽视他们。」,王训魁,,,,过去四年，中国新造车公司都做了什么？
荣耀 Magic2 使用滑盖设计实现了「真·全面屏」，麒麟 980、40W 快充、后置三摄则保证了「旗舰级」的体验。,贾伯斯龙,,,,荣耀 Magic2 体验：滑盖全面屏，旗舰级的配置
 Netflix 取消 iOS 端新用户付费渠道；滴滴发布「点滴相互」，布局网络互助；微信公众号修改错别字上限调至 10 个，支持增删和替换；三星正在开发第二款智能音箱，预计在 CES 2019 上发布。,沈知涵,,,,QQ 音乐等 14 款应用过度收集用户信息被点名；腾讯、网易缺席首批游戏版号；小米印度负责人否认手机涨价
「大多数人第一次亲眼看到电视就知道是怎么回事了，看 Magic Leap 也是这个道理。」,宋德胜,,,,祛魅，还原真实的 Magic Leap | IF19 封面故事
极客博物馆 vol.24：本期我们来聊聊诺基亚 N97 mini，侧滑盖和全键盘模式现在把玩起来依然惊艳。,Rubberso,,,,十年前四千多元的诺基亚机皇，现在把玩后还是觉得值丨极客博物馆
尽管作为捷豹的首款纯电动轿跑 SUV，但捷豹 I-PACE 整体来讲已经做的足够成熟。,豆腐店店长,,,,捷豹 I-PACE 内饰图赏：延续高端品牌的豪华感，还加入了很多科技元素
对于单身人士或者小情侣而言，米家小饭煲可能就是你心目中想要的那款电饭煲。,豆腐店店长,,,,体积小巧且支持远程控制，米家推出高颜值的小饭煲让你轻松做饭
《黑镜：潘达斯奈基》是一部互动式电影，剧情随着观众的选择而变化，有无数种分支走向。,刘丢丢,,,,《黑镜》出了一部互动式电影，没有进度条、也无法被盗版
智能门锁在 2018 年迎来了行业爆发的时刻，头部玩家小米带来的米家智能门锁令人耳目一新。,谁是大英雄,,,,极客之选年度评选丨年度智能家居设备：小米米家智能门锁
"利用云计算和 SaaS 应用，SAP 正在激活中小企业市场的价值。
",geekerdeng,,,,谁在敲中小企业的门？SAP 说有我们
包括双 J 的头灯、类似的尾灯等等在内，捷豹 I-PACE 保持着很多家族式设计，这也使得它看起来足够成熟。,豆腐店店长,,,,捷豹 I-PACE 图赏：尽管作为一款电动 SUV，但它依旧是你熟悉的「捷豹味道」
印度限制电商销售，小米市场第一位置恐被三星夺回；苏宁易购完成出售阿里部分股份，预计获利 52 亿元；吃鸡游戏《堡垒之夜》爆火，开发商 Epic 今年盈利 30 亿美元；2018 年中国快递业务量突破 500 亿件，超过美日欧总和；传谷歌将于 2019 年春推 Pixel 3 系列「廉价版」；iPhone 明年或将转用索尼 3D 传感器，可识别远距离物体；哔哩哔哩电竞公司开通微博，发布品牌 logo,Jesse,,,,60 万 12306 用户信息遭泄露，中铁回应：消息不实；苹果股票回购计划被指巨亏 90 亿美元；特斯拉任命甲骨文董事长为新董事
时隔两年之后，QQ 影音突然推出了全新的 4.0 版本。,刘丢丢,,,,有了视频会员，我们为什么还需要一个本地播放器？ 
"众筹价只有 299 元，它会是年轻人的「第一款」电暖器吗？
",豆腐店店长,,,,想要在冬天的夜晚睡得更暖和？这款米家电暖器或许可以帮到你
所有关于皮克斯的故事，都会追溯到一个原点，Ed Catmull。,宋德胜,,,,皮克斯，Ed Catmull，和每个人的童年 | IF19 封面故事
今年 CES 极客之选将继续派出报道团队亲临现场，为大家带来第一手的高质量报道。而对于同样参加 CES 的创业者、科技爱好者来说，我们以希望通过这份「攻略」帮助大家更加高效地看展。,极客之选的小伙伴们,,,,焦点 30 | CES2019 要来了，这些展商和活动值得你关注
「我们认为整个市场已经是一种过热状态……它的脆弱性是超过你的想象的。」,哲铭,,,,在今年最火的教育赛道上，一家公司的狂奔、筑墙，与耐心等待
把瓦楞纸和游戏结合到一起，这样的创意地球上恐怕只有任天堂想得出来。,Rubberso,,,,极客之选年度评选丨年度游戏周边：任天堂 Labo
外交部回应特朗普考虑禁止美公司使用中兴华为设备；特斯拉在华组建融资租赁公司，注册资金 3000 万美元；富士康将在印度投资 3.56 亿美元，组装高端 iPhone；曝哈啰出行完成近 40 亿元新融资，正招募顺风车主；微博回应成都研发部门被裁：一直实行末位淘汰制；快手被曝海外业务换帅，回应：将增加海外业务人员和投资；马斯克：特斯拉超级充电站网络 2019 年将覆盖整个欧洲；B 站公布 2018 年度弹幕：「真实」「前方高能」「颜表立」排名前三；知乎正在测试一款短视频应用；字节跳动注册「抖音朋友」商标，或将推出社交软件；微软或将涉及 VR 领域：电磁身体套装专利通过；北京公租房上线人脸识别系统，为防止转租转借。,张光辉,,,,天津联合调查组进驻权健集团，多个电商平台屏蔽下架其商品；华为今年营收预计增长 21% 达 1085 亿美元；北斗系统开始提供全球服务
不跟随的外观、全面的体验，O-Free 是一款堪称精品的真无线耳机。,贾伯斯龙,,,,极客之选年度评选丨年度真无线耳机：OPPO O-Free
还记得《哈利波特》里的「预言家日报」吗？,刘丢丢,,,,​打破次元壁！这个 AI 算法可以让照片里的人跳出来
A 站运营主体成为快手全资子公司：注册资本升至 4 亿元；百度 Apollo 解锁 20 张北京路测牌照，斩获全国牌照总数超半百；支付宝辟谣交易 5 万或受可疑监控：现金交易才要报备；HTC 回应「手机下架」：系店铺运营调整和渠道整合；荣耀 V20 发布：打孔屏 + 4800 万像素，2999 元起；天文学家与阿里合作寻找「第二地球」，39 光年外或有生命条件。,biu,,,,丁香医生再曝权健活动录音；京东宣布十亿美元回购股票计划；高通收集 iPhone 中国违规销售证据
具有丰富想象力的智能家居场景正在成为华为又一个重要切入点。,谁是大英雄,,,,多款智能家居新品亮相，华为智选究竟选出了什么？
「马卡龙玩图」用 AI 把抠图做到了极致，还由此衍生出无数种有趣的玩法。,刘丢丢,,,,把抠图变成一种玩法，这款 App Store 年度应用教你在线 P 图
「魅眼全视屏」、后置 4800 万像素索尼 IMX586 传感器、麒麟 980、4000 毫安时，2999 元起售的荣耀 V20 有着不错的性价比。 ,贾伯斯龙,,,,荣耀 V20 体验：盲孔屏+4800 万像素，2999 元起的高性价比
视频之外，YouTube Rewind 的确还原了有关 2018 的残酷真相。,张光辉,,,,真假 YouTube：视频里的虚伪，评论里的真实
在电动车的「CPU」上，比亚迪正在用自研芯片填补国内市场的空白。,赵子潇,,,,用自研芯片和新材料，比亚迪想要深挖电动汽车的「护城河」
对于广大的游戏玩家来讲，罗技 G502 游戏鼠标英雄联盟限量款是一个不错的「礼物」。,豆腐店店长,,,,极客之选年度评选丨年度电脑外设：罗技 G502 游戏鼠标英雄联盟限量款
华为：2018 年手机出货量超 2 亿台，自 2010 年来增长 66 倍；Alphabet 融资 2600 万美元要剥离可再生能源存储项目；花呗推春运免息计划，买车票回家最高可享三期免息；瑞幸咖啡开出第 2000 家门店，提前一周完成全年计划；比特大陆疑似解雇所有比特币现金开发方面员工；拉勾网宣布成立企业体验部，拟于明年赴美上市；LG 加入苹果英特尔阵营，支持韩国对高通罚款 9 亿美元；小米笔记本新款智能键盘上市：仅售 49 元；保护壳曝光 iPad mini 5 或将保留耳机插孔，采用单摄；未来一年不登陆百度网盘，免费容量将从 2T 降至 100GB,Moonshot,,,,摩拜承认进行岗位调整和优化，但否认裁员 30%；当当李国庆发微博道歉；微信小程序助手发布
让充电这件事变得简单，而且赏心悦目。,刘丢丢,,,,极客之选年度评选丨年度手机配件：坚果闹钟式无线充电座
翻看了一下短信列表，几乎全都是垃圾广告。,刘丢丢,,,,假期来临，不过我们再也收不到短信祝福了
未来贝壳平台存在的最大价值，就是引导居住服务行业的从业者明白，完善服务、对用户更好，会提升自己的生存能力，最终引导整个行业都去看「长」，而不是看「短」。,周小丹,,,,专访贝壳找房 CEO 彭永东：「平台模式打造新居住生态，时间和我们站在一起」
用技术手段追踪圣诞老人，他们是这么做的,谁是大英雄,,,,为了追踪圣诞老人，Google 和美军都出动了「高科技」
相比起数码产品的停产，有时候软件产品的下线更让人怀念，它的消失是永远的，很难复刻。,刘丢丢,,,,​2018，这些软件产品离我们而去
蚂蚁金服拟7亿美元收购英国支付公司WorldFirst；传美团将对摩拜裁员20%-30%，内部人士：应该不属实；网传比特大陆将裁员50%，比特大陆回应系年末正常人员调整；全球企业“创新力”榜出炉；微信7.0“误杀”有道云笔记；蘑菇街陈琪回应员工期权被稀释质疑。,温彦博,,,,高通申请强制执行 iPhone 禁售令；12306 ：正试点二维码乘车，今年春运购票九成无需验证；当当谴责李国庆
快节奏的现代生活中，降噪耳机是一种能够简单有效的提升幸福感的数码产品。,SeaGreen,,,,极客之选年度评选丨年度降噪耳机：索尼 WH-1000XM3
过去两年，几乎所有厂商就价格补贴激战正酣时，置身于“音箱大战”之外腾讯，选择了旁观视角，判断并思考有关智能音箱这一命题的真伪。,包校千,,,,腾讯迈开产业互联网的步伐，要从这款强调视觉的智能音响说起
简单点，送 ta 礼物的方式再简单点。,谁是大英雄,,,,圣诞礼物急救指南
「蜻蜓」项目事件的持续发酵，在 Google 内部引发了激烈的反响，以至于使管理层和员工之间产生了裂痕。,Jesse,,,,「蜻蜓」停摆，谁浇灭了 Google 搜索入华的希望？
1099 元的售价，加之一年的免费流量，小米 Play 综合来讲是一款性价比很高的千元机。,豆腐店店长,,,,小米 Play 上手：附赠一年免费流量，有了它你可以随时给朋友分享热点
戴森 Lightcycle 台灯体验。,贾伯斯龙,,,,体验之后，我竟然觉得戴森这个 4000 块的台灯物有所值
极客博物馆 vol.23：本期我们来聊聊徕卡 M8，它是徕卡 M 系列的第一款数码相机，虽然存在一些小毛病，不过独特的色彩和徕卡 M 的特殊身份让 M8 仍被不少用户奉为经典。,贾伯斯龙,,,,这是徕卡 M 系列的第一款数码相机，不完美却成经典
英国多家运营商继续与华为合作，并达成 20 亿英镑协议；RBC 预计谷歌硬件部门全年营收 88 亿美元；美团就前员工虐童事件发声：已向警方提供其全部信息；饿了么和 B 站合作推出双会员；小米 Play 配置、价格曝光：1699 元，每月送 10GB 流量。,沈知涵,,,,胡玮炜卸任，传摩拜将与打车业务合并；瑞幸回应 9 个月亏 8.6 亿；特斯拉在中国下调 Model 3 预售价
微信「时刻视频」最全解读。,刘丢丢,,,,连微信也做起了「时刻视频」，Stories 到底好玩在哪里？
这一次，颖奇和这位性格直率的 CTO 聊了聊关于二手车产业当中的技术价值。原来，在这个传统行业当中，也充满了闪亮迷人的技术信仰。,黑板报值日生,,,,对话 CTO | 和优信 CTO 邱慧聊二手车产业链中的技术价值
在拉斯维加斯聆听中国创新力量的声音。,谁是大英雄,,,,凛冬之下，火力壮的科技公司们准备在 CES 说点啥？
不论你是老司机还是首次参加 CES，相信这份榜单可以帮助你更高效地逛展。,Rubberso,,,,准备参加 CES？请收好这份逛展指南
软银计划向 Grab 至少投资 10 亿美元；富士康拟投资 90 亿美元在珠海建芯片工厂；传 Facebook 正在开发稳定币，可在 WhatsApp 转账；游戏版号核发，腾讯、网易股价涨超 4%；高通联发科等公司与阿里达成合作，将推出内嵌国产操作系统 AliOS Things 芯片产品。,沈知涵,,,,美检方决定不予起诉刘强东，京东股价盘中一度涨超 10%；京东组织架构大调整，各负责人均向轮值 CEO 徐雷汇报
可能在微信看来，把精彩的做到足够精彩和高效，是让安静回归安静最好的途径。,早优夫斯基,,,,8 岁的微信更新了 7.0，张小龙想要如何打动你我？
每一次点击或暂停，都会产生一个新的数据。,biu,,,,真的，Pornhub 比今日头条或是 Netflix 更了解你爱看什么
孙正义欲以 160 亿美元收购 WeWork 多数股份，但遭投资者反对；乐视旗下近 33 亿元资产明年 1 月 7 日网上开拍；今日头条要卖保险，开价月薪 20K-40K 招产品负责人；苹果用 Apple Watch 监控 42 万人心脏，下个月出研究结果；摩拜回应王兴股权质押：VIE 架构的标准流程；哈啰杨磊：已为 1.61 亿用户免除押金 320 亿元；印度外卖创企 Swiggy 融资 10 亿美元，腾讯参投；抖音正在内测长视频，不再拘泥 15 秒；小米 Play「入网」：8 核 2.3GHz 处理器，渐变色机身；研究人员创造转基因室内植物，可移除空气有害成分；中国网约车平台纷纷采用人脸识别技术,张光辉,,,,ofo 及戴威被列「老赖」名单，马化腾李学凌谈溃败原因；高通已对苹果发起 24 件专利诉讼；抖音正在内测长视频
不能否认的是 2018 年是小程序快速发展的一年，同样 2018 年也是 App 找不到着力点的一年，盲目跟随去做小程序是否就能不被淘汰？,早优夫斯基,,,,智能小程序正式开源，百度要成为小程序领域的「安卓」？
对于老车型来讲，播放手机音乐是一件麻烦事儿，假如有一款车充在保证更快更稳定的充电速度时，还能能为你解决连接烦恼还增加一个语音助手的话，你会动心么？,SeaGreen,,,,除了蓝牙和麦克风，这款 Roav 车充还「塞」进了天猫精灵
华为回应 5G 报道：全球经营整体稳健，已获 25 个商用合同；Facebook 回应新丑闻：第三方平台获取数据需得到用户授权；Uber 获得美国宾州批准，将重启无人驾驶汽车测试；Windows 10 自带虚拟机系统：微软推送 Windows Sandbox；传国内网游审批已恢复？或因成立道德委员会引发误读。,biu,,,,美团回应裁员：正常调整；传京东到家关闭无人货架；戴威发内部信：不逃避，勇敢活下去
虽然是荣耀第一次推出真无线耳机产品，不过 Flypods 展现了不错的综合水准。,贾伯斯龙,,,,荣耀 FlyPods Pro 真无线耳机体验：一句话解锁手机的「骨声纹」识别
我只是想以正常的方式刷微博。,刘丢丢,,,,Twitter 改回正常时间线，微博网友急了
除了不错的打印效果，米家照片打印机还支持多种控制方式。,豆腐店店长,,,,通过微信小程序就能控制，米家推出了一款功能很全面的照片打印机
Vlog 会像抖音短视频一样成为全民活动吗？Vlog 领域会诞生一个有影响力的社区和平台么？,刘丢丢,,,,从工具升级社区，VUE 想带动 Vlog 文化走向大众
滴滴发布 27 项整改措施，继续下线顺风车；印度邀请华为参与 5G 测试；SpaceX 或将融资 5 亿美元：估值达 305 亿美元；美图公司再暴跌 7.41%，今年暴跌 80%；B 站举办国创发布会，将出品 20 余部国产动画；瑞幸咖啡在 21 个城市上线美团外卖；苹果新专利：Face ID、Touch ID 或将整合；联想发布联想 S5 Pro GT、联想 Z5s 两款四版新机；腾讯发布叮当智能屏，售价 899 元；软银前员工推出机器人伴侣：设计目的是热爱人类,Moonshot,,,,韬蕴资本：贾跃亭躲在豪宅拒收裁决文件；百度调整公司组织架构 ；ofo 支付宝排队退押金人数破千万
在资本唱衰的 2018 年，G7 的这笔融资交易吸引了众多投资机构的目光，可以被看作是资本拥抱产业互联网的一则温情案例。,包校千,,,,3.2 亿美元融资背后，G7 在下一盘物联网生态的大棋
除了高屏占比、渐变色后盖、玻璃机身，联想 Z5s 还加入了后置三摄，可以说是一款非常均衡的千元机。,豆腐店店长,,,,联想 Z5s 体验：水滴屏+后置三摄，一款性价比很高的千元机
目前，搜狗搜索已经与近 40 家内容站点合作，「三甲医生权威解读」已经实现了全量覆盖所有疾病、症状相关的查询词语。同时，搜狗搜索拥有专业的医学团队对专业医疗内容的准确性进行审核，再利用搜索技术判断内容质量的相关性，召回相关性最强的结果，以匹配用户的搜索需求。,拉风的极客geek,,,,搜狗搜索推出「三甲医生权威解读」，「互联」病患和优质医疗信息资源
最近极客之选收到韶音科技的邀请，前往深圳参观了它的耳机研发和生产中心，让我们有机会进一步了解这个品类生产制造和产品演进的更多信息。,Rubberso,,,,探访韶音骨传导耳机工厂，我看到了骨传导技术的过去和未来
定义为「生活方式分享平台」的小红书面临着许多新的业务边界，也面临着同样多的机会，小程序就是其中之一。早在微信端铺开小程序业务的小红书如今也正式登录百度，成为了最早一批的百度智能小程序合作开发者，并且在短短两个月不到的时间里做到了 200 万的 DAU，这出乎了很多人的预料。,早优夫斯基,,,,「生活方式平台」小红书，百度智能小程序如何成了它的增长利器
"Google 投资超 10 亿美元在纽约建立新办公园区；亚马逊德国工人再罢工；AppStore 出现故障，部分评分和评论消失；传锤子科技接触百度、华为、阿里寻求接盘；途歌回应「退押金难」；今日头条起诉虎嗅网，称其转载外媒新闻夹带「私货」；任天堂 Switch 将迎来漫画订阅更新；阿里云 AI 可观测母猪是否怀孕，提升母猪产仔量。
",温彦博,,,,ofo：线上线下退押金无区别；苹果供应商在美起诉高通垄断；华为预计 2018 年手机出货量破 2 亿
红色、「祥云金小猪」，OPPO R17 | R17 Pro 新年版看着挺喜庆。,贾伯斯龙,,,,OPPO R17 | R17 Pro 新年版开箱：喜庆的红色，配上「祥云金小猪」
即将结束的 2018 年对科技行业来说是变化巨大的一年。,谁是大英雄,,,,2018，这些数码产品离我们而去
作为行业内第二款采用打孔屏设计的手机产品，华为 nova 4 拥有更小的开孔直径，同时在加入超广角镜头之后，它的拍照能力也有了进一步提升。,豆腐店店长,,,,华为 nova 4 现场图赏：采用孔径更小的打孔屏，还带来了 4800 万像素后置摄像头
你在微信上有设定在线、隐身、离开、忙碌等状态的需求么？,宋玥玮,,,,在 QQ 上可以设置的在线、隐身、离开、忙碌等状态，为什么微信上没有？
继多年前的尼日利亚王子，年初的色情录像勒索后，罪犯们把脑筋动到了比特币上。,Moonshot,,,,比特币勒索卷土重来，罪犯敲诈了 4 个国家，入账不到 1 美元
"虽然现在很多空调、空气净化器等设备都自带空气检测传感器，不过它们能够检测的数据种类有限，而且检测范围也比较小（机身周围），这就给独立的空气检测设备创造了使用场景。

",极客之选的小伙伴们,,,,青萍空气检测仪图赏：检测功能丰富，还有一个「高颜值」
如今小程序即将满两年，而小游戏也上线一年了。当大众的期待回归理性，小程序该何去何从，我们又该期待些什么？,早优夫斯基,,,,2 岁的小程序和 1 岁的小游戏，微信的八周年我们该期待什么？
"Facebook 泄露 700 万用户照片，可能面临 16 亿美元罚款；彭蕾卸任，阿里巴巴东南亚电商公司 Lazada 迎来新任 CEO；比特币最高点跌落 1 周年：市值跌掉 82.7％，多款矿机一折甩卖；芬兰推全球首个 5G 套餐：每月 400 元流量任用不限速；刘作虎：一加首款电视预计 2020 年率先登陆印度市场；传三星正在开发 Galaxy Tab A 系列新平板，预计 2019 年初推出；英国连锁超市将在农场展开机器人农民试验；暴雪将转移《风暴英雄》部分开发者，但仍将继续支持游戏更新
",Jesse,,,,彭蕾卸任，阿里巴巴东南亚电商公司 Lazada 迎来新任 CEO；Facebook 重组其最神秘硬件研发部门 Building 8；苹果公司再遭诉讼，称 iPhone XS 宣传照涉嫌欺诈；
音乐是一种跨越国家和民族的语言，而腾讯音乐娱乐集团希望借助赴美上市的机会，为中国多元的音乐娱乐文化提供了向世界展示的窗口，进一步提升腾讯音乐娱乐集团的影响力。,拉风的极客,,,,腾讯音乐逐梦纽交所，「中国式」音乐社交如何征服国际市场？ 
极客博物馆 vol.22：在超极本和游戏本概念还没有出现的时候，「上网本」曾经是笔记本电脑为数不多的差异化产品。,SeaGreen,,,,十年前不到 2000 元的上网本，除了上网竟能流畅玩游戏
苹果关闭 Apple Music Connect 服务；Facebook 拟削减对原创新闻节目的投资力度；Adobe 第四季度营收为 24.6 亿美元，同比增长 23%；Pokémon Go 开发商 Niantic 将融资 2 亿美元，估值达 390 亿美元；星巴克扩大与 Uber 外卖合作，还将扩充中国门店至 6000 家；抖音购物车双 12 战报，促成订单数超 120 万；知乎宣布架构调整，任命前蜜芽合伙人孙伟为 CFO；一加 6T 迈凯伦定制版发布，定价 4599 元；索尼入局流媒体，与 Rhapsody 推出无损音乐服务；华为手机开通京津冀互通卡，可在 137 个城市乘公交地铁,Jesse,,,,苹果对 iPhone 禁售令发声明：尊重裁定，已申请复议；Tumblr 整改之后重新上架 App Store；ofo 再被起诉：被判偿还超 800 万服务费
作为主角的父亲并不是什么神探，更不是技术高超的黑客，如果说他有什么特长，可能就是善于利用网络。,刘丢丢,,,,《网络谜踪》中有哪些值得我们学习的电脑知识？
不看不知道，懒得记密码的人原来还有这么多。,谁是大英雄,,,,因为懒得记密码，特朗普竟然成了美国人的「最爱」
三个半小时的听证会结束后，Pichai 面带微笑，如释重负地走出会议厅，像极了四月两度走进国会山的扎克伯格。,沈知涵,,,,Google 走进国会山，舌战政坛群英是科技大佬们的 2018 必修课
在普通版一加 6T 的基础上，迈凯伦版对后盖设计进行了定制，并增加了定制徽章、「速度之书」、芳纶纤维保护壳等附件，售价 4599 元。,贾伯斯龙,,,,一加 6T 迈凯伦定制版开箱：和迈凯伦联合设计，更快的 30W 闪充
打着怀旧和情怀标签的游戏难免会被一些人看作「吃老本」和「不思进取」，但对游戏行业来说，游戏复刻和重制一直都是件让粉丝欢欣鼓舞的一件事。,谁是大英雄,,,,2018，游戏圈为什么玩起了「旧瓶装新酒」？
六款插电式混动车型一同亮相，大众汽车品牌的新能源汽车攻势「第一跳」。,王训魁,,,,理性的新能源汽车攻势，与大众背后的「三级跳」
Grab 新一轮融资敲定，丰田微软日本雅马哈等参与投资；苹果砸 10 亿美元在美德州建新园区，能容纳 1.5 万员工；小米再次组织架构调整：王川任中国区总裁；瑞幸咖啡提高免配送费门槛，回应称会坚持补贴；何小鹏：与李斌赌局是双赢，目前没有上市时间表；双 12 包裹超 3 亿件创新高，国家邮政：请包容快递员；支付宝发布刷脸机「蜻蜓」，无需手机不必扫码；联发科技发布 Helio P90 芯片；谷歌地图联手 Lime 推出查找最近电动滑板车功能；特斯拉拟让车间工人佩戴 AR 眼镜来辅助汽车生产；争议直播班：百所贫困地区中学直播名校课程，88 人考上清北。,张光辉,,,,谷歌承诺暂不出售面部识别产品；高通再提诉讼：禁售 iPhone XS/XR；腾讯否认旗下网游被道德管理委员会审议
LAMY 联合精灵宝可梦推出了一款皮卡丘定制版的钢笔套装，而且只在中国销售。,极客之选的小伙伴们,,,,这款 LAMY 定制的钢笔，可能是今年最棒的皮卡丘周边
从升降到双屏，vivo NEX 系列的创新只是开始。,拉风的极客geek,,,,双屏、三摄、TOF，vivo NEX 系列创新背后的探索之路
真香？真贵！,刘丢丢,,,,苹果 329 元透明壳 VS 淘宝 9.9 元透明壳，到底凭什么卖这么贵？
"爱奇艺想让你看剧，优酷想让你看新闻，京东则想让你看植入剧情的广告，那么基于用户习惯而酝酿的竖屏视频产品究竟是不是个好生意？

",geekerdeng,,,,抖音快手之后，竖屏视频成为主流趋势了么？
极客之选对过去这一年众多的轻薄本产品进行了大致的梳理，并且从中挑选出了四款无论产品设计还是实际使用体验都很棒的四款产品。,豆腐店店长,,,,在即将过去的 2018 年，有哪几款「真香」的轻薄本？
华为 MateBook 13 延续了 MateBook X Pro 的全面屏设计，采用了升级版的 Whiskey Lake-U CPU 和「满血版」MX150 独显。,贾伯斯龙,,,,华为 MateBook 13 笔记本体验：88% 屏占比 2K 全面屏，「加强版」CPU 和独显
相比之前几个版本，努比亚 X 星空典藏版将机身存储提升到了 512GB，同时，它在副屏的操控以及玩法上做了更多有趣的探索。,豆腐店店长,,,,努比亚 X 星空典藏版图赏：除了更强的配置，它还带来了很多有趣的玩法
和房间的大灯相比，床头灯的光线更加柔和，通常也支持亮度的多级调节，更加适合在睡前和睡眠中使用。,极客之选的小伙伴们,,,,睡前一定要刷手机？那至少开个床头灯吧
在「变大」的过程中，一加并没有改变在「美」上的追求，不「炫技」的设计和在电光紫渐变色上的工艺探索依旧足够「一加」。,贾伯斯龙,,,,专访一加设计师：手机设计要「无负担」，想通过电光紫表达一加气质
快手正在进行 10 亿美元融资，估值 250 亿美元；高通：苹果继续在中国销售侵权 iPhone 违反法院禁令；若关税加至 25%，供应链考虑将 iPhone 产线移出中国；小鹏 G3 正式上市：综合补贴后售价 13.58 万元起；WebQQ 走到终点：2019 年 1 月 1 日起停止服务。,biu,,,, 腾讯音乐上市首日大涨 7.69%，市值 223 亿美元；与高通竞争，苹果正在自研调制解调器；知乎全公司范围人员优化
"钉钉是谁？钉钉要去哪？
",geekerdeng,,,,继续「不赚钱」的钉钉如何跑马圈地
高通：法院已下令苹果停售老款 iPhone；苹果：将继续在中国正常销售,Jesse,,,,苹果和高通的专利官司从美国打到中国，它最终只会是一场两败俱伤的大战
腾讯音乐指导发售价在招股区间中位数附近，至多融资 12 亿美元；谷歌决定提前 4 个月关闭 Google+；亚马逊打击卖家欺诈行为，解雇多名泄露内部数据员工；埃及称苹果违反了竞争规则，给苹果 60 天时间结束对本地经销商不公平限制；锤子科技法人由罗永浩变为温洪喜；摩拜面临德国监管机构调查，或因违反欧盟数据保护法；携程旗下网站 Trip.com 日本业务涉嫌造假；为削减成本投资 5G 开发，Verizon 明年年中前将裁员 1.04 万人；Uber 拟接入伦敦巴士及地铁数据；12306 小程序上线高铁订餐功能；Amazon Go 海外首站落户伦敦；奔驰母公司计划采购 200 亿欧元电池以生产电动汽车；电竞不会被纳入 2024 巴黎奥运会比赛项目,Moonshot,,,,加拿大法官准予孟晚舟保释；百度被工信部二次点名：纳入违法不良记录信息库；知乎回应称大规模裁员系谣言
除了前后双屏，vivo NEX 双屏版还采用了包含 TOF 模组的后置三摄，屏幕指纹体验也有了明显的升级。,贾伯斯龙,,,,vivo NEX 双屏版上手：双屏、TOF 三摄、10GB 运行内存
亚马逊做大做强后，也做「飘」了。,Moonshot,,,,亚马逊「自营革命」：平台与大品牌的博弈中，最受伤的是中小商家
狒狒吵架、青蛙跳水、天坛大妈合唱……这张地图不仅仅能用来看，还能用来听。,谁是大英雄,,,,这张神奇的世界地图，能让人听到各种稀奇古怪的声音
Drops 提出的新想法，每天只需要 5 分钟来学习外语。,刘丢丢,,,,Google Play 评选出的年度应用，让你像解锁关卡一样学习英语
「认知智能就像人类大脑一样，感知智能就像眼睛、耳朵、鼻子一样，最终 AI 实现需要认知智能和感知智能的打通。」,哲铭,,,,对技术 85% 的追求，人工智能就可以商业化
在历时十年的技术研发、百亿公里的虚拟驾驶和超过千万公里的路测之后，Waymo 和新兴的自动驾驶行业，终于迎来了这一具有里程碑意义的时刻。,张光辉,,,,Uber 回归，Waymo 公测，自动驾驶网约车的「大航海时代」揭幕在即
软银电信子公司 IPO 发行指导价设为 1500 日元；三星电子大中国区总裁：中国三星强势返场，无所畏惧；Uber 已秘密提交 IPO 申请，计划明年初上市；阿里巴巴集团增持阿里影业股票至约 50.92%，实现实质控制；滴滴深圳试行醉酒乘车规则，司机可酌情申请取消订单；荣耀正式更换全新的品牌 Logo；荣耀公布新功能 Link Turbo，连通 Wi-Fi 和 4G；马斯克揭密特斯拉公司名称由来：花 7.5 万美元买来的,温彦博,,,,高通赢得中国法院初步禁令，苹果：消费者可购所有型号 iPhone；百度回应好看视频遭微信屏蔽：对双标行为深感遗憾
"电影行业走到今天已经过去一百多年，现在也许应该进入新的阶段了。
",谁是大英雄,,,,进入《无敌破坏王》和《星战》的世界是种什么感觉？这一次我们亲自试了试
微信、微博在人群覆盖上有压倒性的优势，很显然它们不能让所有人都满意，这也给其它社交产品带来机会。,刘丢丢,,,,2018，有哪些「小众社交」让你眼前一亮？
采用「黑瞳全视屏」设计，在追求更高屏占比的路径上，三星 Galaxy A8s 带来了一种全新的尝试。,豆腐店店长,,,,三星 Galaxy A8s 现场图赏：采用「挖孔屏」设计，它看起来还挺酷的
这位出身微软亚研院的 CEO 说，AI 的本质是用大数据解决明确的问题。,吴绛枫,,,,关于金融智能风控，数据和运营的挑战各在哪里？
荣耀 V20 将于 12 月 26 日发布，会搭载 4800 像素相机、打孔较小的「魅眼全面屏」以及 Link Turbo 网络加速。,贾伯斯龙,,,,魅眼全面屏、4800 万像素、网络加速，荣耀发布了三项即将用在 V20 上的新技术
和口红差不多大小，却拥有 65W 功率，thinkplus 口红电源是如何做到的？,豆腐店店长,,,,一只口红电源，和它背后的故事
 三星重启逾百亿西安动力电池二期项目；阿里腾讯成全球增长最快广告主前两名，增幅超过 40%；三星 Galaxy S10 系列曝光：三种屏幕尺寸；马斯克希望全世界拥抱电动汽车，即使特斯拉破产。,沈知涵,,,,孟晚舟要求保释，拘留后因高血压被送往医院；传 Uber 已提交招股书；哈罗单车夜间失联，LG 化学等上游厂商被诉
过去，应用强调如何用交互设计留住用户，而下一步应该考虑如何抓住 AI 了；过去，人们对隐私问题心知肚明却视而不见，在 2018 年，隐私问题被扔到到台面上后，我们可以期待 2019 年吗？日本要如何应对中国科技企业的冲击，从习惯算法推荐减少焦虑感开始吧……这里是 TechBoard 第二十九期。 TechBoard 是一个全球视野下，甄选每周重要科技评论的栏目。我们将以摘要的形式引入值得阅读的科技评论文章，并鼓励读者去阅读原文。,Moonshot,,,,消费级应用：从设计驱动到 AI 驱动；从「让世界更美好」到「让世界别出乱子」￼的创始人们 | TechBoard#29
极客博物馆 vol.21：每个使用电脑的人都离不开这款配件产品，但在光电鼠标之前，滚球结构的鼠标在当年成为了学生们计算机课上的最佳玩具。,SeaGreen,,,,童年微机课的最爱，双飞燕鼠标的滚球比游戏还有魔力
停止在微软的全职工作后，比尔·盖茨为何执着投入于人类「厕所革命」的事业中？而我们究竟需要怎样的新世代厕所？,吴绛枫,,,,比尔·盖茨与他的「厕所革命」
对于玩家来说，2018 年是幸福的一年。,谁是大英雄,,,,《战神》《大镖客 2》拿奖到手软，但游戏界「春晚」看点不止这些
这是每一年你必须关注的科技盛会，我们想邀请你共同见证。,谁是大英雄,,,,科技行动派们，你有一封来自拉斯维加斯的邀请函
搭载第八代酷睿处理器，同时拥有足够全面的接口，第二代惠普战 66 系列是不错的「生产力工具」。,豆腐店店长,,,,惠普全新战 66 笔记本现场上手：接口全面，边框控制更好了
果断切入智慧零售赛道，或许是步步高集团成立 23 年以来，做出的最让人没想到，同时也可能是最正确的选择。,宋玥玮,,,,腾讯如何一步步成为了步步高的「红颜知己」？
基于人工智能的算法，已不再是内容阅读类产品的核心竞争力，而是一种基础能力。,吴绛枫,,,,把算法打个包，圆媒体老师们一个做「今日头条」的梦
蘑菇街 IPO 首日开盘破发：一度大跌逾 17%，收盘持平发行价；优酷新总裁樊路远首度发声：将内部全面整顿；三大运营商 5G 频谱划分敲定，5G 正式建设启动在即；特斯拉上海工厂将于 2019 年部分投产；华裔物理学家张首晟抑郁症离世，其公司涉美 301 调查；Lyft 已向 SEC 提交 IPO 登记声明草案，预计明年上半年上市；传斗鱼紧急裁员 70 人，回应：只是正常优化调整；上海浦东市场监管局：以销售过期食品对盒马鲜生立案调查；刘强东代理律所：5000 万美元「和解」言论纯属造谣生事；小米首款 5G 手机亮相：搭骁龙 855，下载可达 2Gbps；研究人员开发跨平台应用，通过指甲照片检测贫血；苹果 watchOS 5.1.2 推送，Apple Watch 加入心电图功能；四分之一的 Tumblr 用户消费色情。,张光辉,,,,外交部、深圳政府回应华为孟晚舟被拘押：澄清理由并立即释放；微信支付勒索病毒案告破，制造者年仅 22 岁已被刑拘；华裔物理学家张首晟抑郁症离世
刘作虎宣布和英国最大移动运营商 EE 达成战略合作，并表示将在明年上半年发布欧洲第一款商用 5G 手机。,贾伯斯龙,,,,刘作虎：一加将推出欧洲第一款商用 5G 手机，骁龙 855 也会第一批用上
当地时间周一，日本最后一家寻呼机运营商东京通讯（Tokyo Telemessage）宣布将在明年九月份结束无线寻呼业务，1968 年开始被引进日本的寻呼机，将正式退出这个前沿技术尤其发达的国家。,沈知涵,,,,日本告别 BP 机，念旧的人终究拦不住技术的浪 | Global 24/7
Neverthink 中提供了四十多个频道，不间断播放各种类型的精选视频。,刘丢丢,,,,用看电视的方式刷抖音？这个短视频 App 想让你忘记暂停
进入农业植保 3 年多的时间，大疆才敢说「自己把农业市场做进去了」,包校千,,,,大疆的农业方法论
"当互联网公司来敲门。

",geekerdeng,,,,为什么这家 SaaS 公司不担心阿里钉钉、企业微信抢市场？
移动办公已经被证明是市场趋势了，下一步是什么？,刘丢丢,,,,你已经是个成熟的办公软件，该学会自己做 PPT 了
苹果上架了智能音箱 HomePod、18W USB-C 快速充电器以及 iPhone XR 透明保护壳。,豆腐店店长,,,,除了公布国行版 HomePod 上市日期，苹果还带来了几款新配件
伴随国内流量资费的降低，智能手表也许会成为仅次于手机的最佳移动设备。,谁是大英雄,,,,有 4G 网络加持，这款单独打电话听歌的手表缓解了我的手机焦虑
除了 5G，骁龙 855 还有着 3 倍于前代的 AI 性能和集成了计算机视觉的 ISP 芯片。,贾伯斯龙,,,,高通骁龙 855 信息汇总：5G 之外，AI 和相机是升级重点
滴滴架构调整：成立两大平台公司，设首席安全官；ofo 回应「求助政府官员谋求上市机会」：不存在；澳立法允许监听 WhatsApp 加密信息；Uber 印度势头强劲，三季度订单总额达 16.4 亿美元；爱奇艺 CEO：95 后、00 后以看盗版内容为耻；Waymo 在美国推出自动驾驶汽车商业化服务；取代 Edge，微软最快本周发布新款 Chromium 浏览器；腾讯回应玩游戏「人脸识别验证」：不会记录、存储用户的身份信息。,biu,,,,中使馆：要求美加立即恢复孟晚舟人身自由；国行 HomePod 明年初推出；一加明年将发布欧洲第一款商用 5G 手机
用 Android 的小伙伴表示挺羡慕这个功能的。,极客之选的小伙伴们,,,,极客荐 | 送你一个免费捷径，让微信更好用的那种
为了通过苹果的审核，Tumblr 将清理平台上所有「合法」成人内容。,Jesse,,,,Tumblr 「从良」，对不起用户也要回到 App Store
自 2016 年春季推出 Model 3 以来，已经有超过 50 位特斯拉高管离开了特斯拉。,Jesse,,,,「围城」特斯拉：年轻人硅谷实习首选，老员工焦虑不堪想逃离 | Global 24/7
2018 年，小程序迎来大爆发，从微信小程序到支付宝、百度小程序，再到今日头条小程序，各大互联网平台相继发力小程序，打造其小程序发展生态圈。,宋玥玮,,,,小程序的第二个双十一之后，阿拉丁11月榜单解读
想不到蔚来新车海报，竟然是烧脑向的。,赵子潇,,,,蔚来新车海报的两个彩蛋，被我用两天时间破解了
苹果公布 2018 年度精选 App 和游戏；谷歌母公司 Alphabet 计划明年在芬兰推无人机送货服务；ofo 难退押金：按键变灰色，客服无反应；Tumblr 将从 12 月 17 日全面禁止发布成人内容；为响应 iOS/Android 操作变化，Instagram 开测全新卡片式 UI；2018 年 Q3 智能手机销量小幅增长：只有三星下滑 3.4%；Quora 1 亿用户信息泄露，公司称个人身份不会被盗用；V 社宣布《Steam 分销协议》重大更新：12306 即将上线「候补购票」功能；大型游戏可得到更多分成；微软最新专利展示了先进的混合现实系统；新一代绝影四足机器人发布，具备跑步及上下台阶能力；谷歌将为今年圣诞节推出改进后的圣诞老人追踪器,Moonshot,,,,喜茶、饿了么回应网友喝出套装异物：与我无关；乐视网：法院裁定查封、扣押或者冻结公司等 9002 万元；阿里确认杨伟东正配合调查12306 即将上线「候补购票」功能
所有公司都想做平台，真正做起来却困难重重。同样的问题，也摆在了好未来面前。更有挑战的是，学而思本身在城市中有布局，好未来这一转身，是否会出现左右手互搏的情况？,哲铭,,,,好未来，在 B 端
2018 年最优秀的应用、游戏都在这里了。,刘丢丢,,,,苹果和谷歌都评出了年度最佳 App，看看你错过了哪些？
加入了英雄联盟奥德赛系列皮肤色彩元素，罗技 G502 HERO 英雄联盟限量版看起来更「骚气」了。,豆腐店店长,,,,图赏丨罗技和拳头合作推出了一款游戏鼠标，英雄联盟玩家应该会很喜欢
在中国，AI 医疗也成为热门领域，上至腾讯、百度等头部玩家的全情投入，下至创业公司的风口弄潮，这其中的真伪虚实需要如何分辨？Google 所做的，恰可以成为一例榜样化的参考。,包校千,,,,当 AI 医疗成为热点，噱头与实干如何区分？
智能门锁之后，智能门铃越来越多了。,谁是大英雄,,,,这个来自小米有品的智能门铃，主打高颜值和实用
美团点评发反腐公告：89 人受刑事查处；Uber 聘请美公路管理局高管负责自动驾驶汽车业务；共享汽车平台途歌被曝出现押金难退现象；微信为鼓励原创，试运行「洗稿」问题投诉合议机制；陌陌回应 3000 万数据遭售卖：跟其用户匹配度极低；「网易薄荷」宣布 12 月 31 日全面停止运营；郭明錤：「全新设计」的 AirPods 将于 2020 年推出；谷歌眼镜企业版 2 代现身 Geekbench；微软称未来 Office 将集成 AI 并添加 Microsoft Teams；日本现存唯一 BP 机运营商将于明年彻底终结服务。,温彦博,,,,腾讯音乐正式提交美国 IPO 申请， 12 月 12 日上市；蔚来发布 11 月交付及生产数据；彭博：苹果可能要到 2020 年才能用上 5G
移动端购物占比的迅速攀升，被认为是推动今年「网络星期一」销售额走高的重要因素。,张光辉,,,,「黑五」、「网一」电商销量连创纪录，感恩节购物季会成为亚马逊的独角戏吗？| Global 24/7
不仅仅是占据手机导航，用一个盒子改造传统汽车，这是高德最新的战略。,赵子潇,,,,拉上奥迪，高德想用一个盒子让你的汽车对互联网「上瘾」
3D 版 QQ 秀？,刘丢丢,,,,想在虚拟世界里交朋友，先来 ZEPETO 里捏个脸吧
"这是一个在并不「完美」的赛道里坚持下来，并且凿出一片生机的创业故事。

一轮又一轮的经济周期里，股市变化永远难以预测。方三文不想做那个被雪山崩塌掩埋又迅速消失的悲情参与者。他信奉自由和理性，声称自己不愿意被「分裂」，于是也用一个近乎理想化的方式为雪球建立起了壁垒。

这个社区和它的运作方式成为了方三文世界观的一种投射，很大程度上，他的满足感也来自于这里。接下来，方三文和雪球需要的是时间。他们的敌人，也只剩下时间。",周小丹,,,,方三文去哪了？
不管之前怎么想，拿到产品的粉丝还是喊了句「索尼大法好」。,谁是大英雄,,,,午夜十二点，我在香港油麻地看一群人买游戏机
这是一个会自己动起来的旅行箱，黏起人来像宠物。,谁是大英雄,,,,这个旅行箱会黏人，你走哪它跟到哪儿
Uber 试图收购 Lime 或 Bird 其中一家，布局共享电动滑板车领域；苹果公司对供应商展开商业不端行为调查；摩拜回应股东变更：与并购相关的常规法律结构安排；苹果让步，允许印度防骚扰软件 DND 上架；丰田已能通过 5G 网络遥控双足机器人 T-HR3；董明珠：别人做芯片股价飙升格力做芯片股价就跌，因为自己真做。,沈知涵,,,,百度发布淫秽等违法广告被罚 60 万；特斯拉实现日产 1000 辆 Model 3；苹果高通诉讼明年 4 月开庭
时间催人老，但那些熟悉的老游戏永远在为玩家制造惊喜。,谁是大英雄,,,,PlayStation Classic 上手：一台让你重回儿时的经典游戏机
极客博物馆 vol.20：本期我们来聊聊诺基亚的 Lumia 920，它的外观如今来看依然很抢眼，而且还有无线充电、高灵敏度触控和光学防抖等当年很先锋的技术。,Rubberso,,,,当年诺基亚最美的手机之一，比 iPhone 还早应用无线充电和光学防抖
「对话 CTO」是极客公园的一档最新专栏，以技术人的视角聊聊研发管理者的发展和成长。,黑板报值日生,,,,对话 CTO〡用声音在一起，听荔枝 CTO 丁宁聊 UGC 声音互动平台的技术世界
11 月 30 日晚，微信官方宣布将暂时下线漂流瓶服务。据公告称，下线的原因是有用户利用漂流瓶发布色情信息。,刘丢丢,,,,微信关闭漂流瓶，它曾经满足了我们对世界的好奇
三星电子将裁撤 10% 高管：手机部门是重灾区；vivo 计划在印度投资 39 亿元建新工厂；2019 年任天堂将超越索尼，成第一大游戏机制造商；NASA 选择 9 家太空公司竞标 26 亿美元合同，SpaceX 落选；微软升级 Office 办公软件图标：走上简约现代风；Airbnb 推新产品 Backyard，进军住房设计和建造市场；微软计划在 2020 年推出 Surface Studio 显示器：采用模块化设计；苹果已通过 RED 产品筹集 2 亿美元，对抗艾滋病,Jesse,,,,微信暂时下线漂流瓶功能；瓜子二手车因广告语被罚 1250 万；华为 2018 年营收将达 1000 亿美元
日漫、美漫、港漫、国漫,刘丢丢,,,,极客荐 | 追漫画，用这些工具就够了
随着互联网新技术的演进，人工智能技术正在赋能 B 端销售，帮助更多的客户摆脱传统的拓客方法，2019 年或将是 AI 销售迎来爆发的一年。,包校千,,,,从解放销售人员的嘴开始，AI 能重塑销售行业么？
在吹干的同时，米家水离子吹风机还能护理头发。,豆腐店店长,,,,米家水离子吹风机图赏：一台 169 元的「补水」吹风机
微软 Project Natick 项目让我们意识到数据中心还可以放在海底,肥宅快乐柴,,,,微软将数据中心放在海底，这会是未来么？
"「在中国，区块链最不确定的时期正在逐渐过去。技术的突破和实体应用的落地将成为主旋律。」

",拉风的极客geek,,,,从合约到应用，区块链同实体经济的理想关系应该是什么模样？
预售价 37 万元起，蔚来想让等不及的「真粉丝」明天就先「剁手」下单 。,拉风的极客,,,,蔚来 ES6 官方细节曝光，明天就让你先「剁手」下单 | 简报
在普通版的基础上，小米 MIX 3 故宫特别版在后盖上增加了獬豸图案，附送了獬豸手工铜像、故宫特别版流量卡以及专属的手机壳。,贾伯斯龙,,,,小米 MIX 3 故宫特别版开箱上手：獬豸贴金铜像，10GB 运行内存
字节跳动回应「贷款 15 亿美元」：不予置评；Facebook 被曝确实曾考虑出售用户数据；高通前 CEO：不放弃将高通私有化；美图回应侵犯用户隐私：重视用户信息，不会滥用数据；金立董事长刘立荣被列入失信被执行人名单；Waymo 新设首席安全官与商务官推动无人驾驶车商业化；德国对亚马逊展开反垄断调查；Instagram 加入新功能，让视障人士也能「阅读」照片；努比亚发布全新红魔 Mars 电竞手机；马斯克：特斯拉汽车未来可以横跨大陆召唤。,温彦博,,,,蚂蚁金服架构调整：胡晓明任总裁；华为回应 5G 建设在新西兰遇阻：寻求紧急会谈；携程 CEO 孙洁否认大数据杀熟
小米蓝牙耳机 AirDots 青春版除了拥有非常出色的便携性，支持单耳机使用也让它可以应付更多场景需要。,豆腐店店长,,,,小米蓝牙耳机 AirDots 青春版体验：199 元的售价，一款性价比很高的真无线耳机
万物互联是一幅巨大的版图，虽然到来的终时我们无法预测，但所幸的是，已有一部分人身体力行开始走在前头。,哲铭,,,,从硬件生态到协议平台，小米 IoT 的下一步是什么？
洞察号将会利用接下来的两年时间，收集并返回丰富的数据来解密火星是如何形成的，提高人们对火星核心大小、地幔和地壳厚度的理解，并确定火星内部温度。进而「复现」地球和太阳系内部其他岩质行星的形成过程。,沈知涵,,,,NASA 史上第八次登陆火星，「洞察号」填补了火星探测怎样的空白？| Global 24/7
在口红大小的体积内，大疆口袋灵眸配备了三轴机械云台，画质足以媲美高端手机。,贾伯斯龙,,,,大疆口袋灵眸云台相机体验：口红大小的体积，不妥协的防抖和画质
沉迷竖屏短视频的人们，大概也不会讨厌竖屏短剧。,谁是大英雄,,,,拿起手机竖着看剧，「抖音味」网剧为什么火了起来？
微软拿下美国陆军 4.8 亿美元合同，为军队提供 AR 系统原型；亚马逊将推医疗新项目：挖掘病人电子病历数据；知情人士称谷歌 CEO 将于 12 月首次出席美国国会听证会；小米和宜家、微软合作：宜家智能照明产品可接入小米 IoT，小爱同学可「召唤小冰」；王自如发布了智能家居系统 NEXT NEST；HTC 宣布 2019 年上半年推出全球首款 5G 移动热点；电竞成 2019 年东南亚运动会正式比赛项目。,biu,,,,猎豹移动回应「监听外拨电话」：新版浏览器今天上线；ofo 进行组织架构调整和升级；滴滴继续下线顺风车业务
Ta 在像一个没有关注按钮的微博，又像是一个靠智能算法划分的朋友圈。,刘丢丢,,,,没有标签、没有关系链，这个社交产品靠什么来做社交？
在第一代产品的基础上，红魔 Mars 电竞手机在操控、散热、性能等诸多方面进行了更新升级。,豆腐店店长,,,,红魔 Mars 电竞手机评测：在风冷 + 水冷散热之外，还带来了很有创意的「边框操控」
半个富士康靠苹果，六成的苹果靠 iPhone，裁员节流的富士康遭遇到了「iPhone 寒冬」。,Moonshot,,,,iPhone 滞销，富士康裁员，苹果上游厂商的冬天来了吗？| Global 24/7
随着智能语音交互探索深入，智能手表将成为每一个人生活的一部分。,谁是大英雄,,,,专访李志飞：越用越强大的智能手表，如何解锁每一个人的未来生活？
正是因为关乎伦理与生命，在最终的真相来临之前，都先别急着「热烈祝贺」或是「口诛笔伐」。,biu,,,,在贺建奎的「道歉」与「骄傲」之后，我们来弄清关于事件本身的几个问题
宜家全系智能照明产品都将接入小米 IoT 平台，小米 IoT 平台智能设备连接数达 1.32 亿。,极客之选的小伙伴们,,,,小米和宜家达成战略合作，还宣布拿出 1 亿元打造 AI 生态
谷歌在欧洲 7 个国家被指控侵犯 GDPR 隐私；亚马逊「网络星期一」创单日销量新高；马云同学发文：他曾是学生会主席，大二大三左右入的党；亚马逊发布全球首款地面卫星接收站 AWS Ground Station；WiFi 万能钥匙拟砸 30 亿投放 272 颗卫星，建免费网络；支付宝「相互保」被叫停：改名相互宝，不再对接信美；京东回应「裁员拟先裁未婚未育女性」传言：造谣，已报案；苹果暂停七百余个中国区 App 下载，拼多多、搜狗等公司中招；OPPO：明年研发投入 100 亿，将推智能手表等移动终端；猎豹移动回应 7 款应用曝广告欺诈行为：正在调查中。,张光辉,,,,「基因编辑婴儿」经费来自南科大，科技部中科院发声；特斯拉驳斥「10 月在华销量大跌 70%」报道；蔚来 ES 8 第一万辆车下线，何小鹏祝贺
大众在电动领域重画一个「J 型曲线」，拿出了五年间三分之一的支出填补和加速「深度下探」的这个过程，只是更重要的是在这场「集团作战」的新战争中，面对已经崛起的对手，大众需要重新找回自信。,王训魁,,,,「电动攻势」的勇猛与坚定的「中国步伐」， 大众集团的一次团队作战
"后马云时代，张勇要带领阿里走出一条新「商业操作系统」道路。

",geekerdeng,,,,架构升级，「系统」上线：更垂直的「阿里云」和更新零售的「大天猫」
阿里组织架构调整:天猫升级为「大天猫」；今日头条推出反谣言计划「谣零零」微软宣布与大疆合作，开发无人机云端后台 SDK 等解决方案；谷歌广告新政策：竞选政治广告必须表明身份立场；中国银联宣布云闪付用户突破 1 亿：推双 12 半价活动；俄罗斯对谷歌发起民事诉讼：拒绝删除特定搜索结果；外卖公司 Deliveroo 拟融资 5 亿美元 估值达 40 亿美元；Airbnb 任命亚马逊前高管为 CFO；OPPO 与诺基亚签下协议：获其多年专利授权；微软基于面部识别，自动调节双屏设备的音量的新专利,Moonshot,,,,贺建奎周三公开项目数据；122 名科学家联合谴责基因编辑婴儿事件；马斯克 70% 可能最终移民火星
距离完美只差了 1 个 USB-C。,贾伯斯龙,,,,微软 Surface Laptop 2 体验：我眼中的最佳轻薄笔记本
以技术输出为导向会为科大讯飞带来更广阔的发挥空间，但想要吸引到更多合作伙伴加入，并不是一件容易的事情。,豆腐店店长,,,,不只是智能麦克风，科大讯飞在智能家居上还有什么新想法？
斗图比的不是数量，而是创作能力。,刘丢丢,,,,在这个斗图小程序中，尽情发挥你的吐槽才能吧！
"在企业软件服务领域，如何在巨头注视下成长？

",geekerdeng,,,,凭借只当手、不当脑的智能，这家公司估值一年间翻了 21 倍
延续六年前第一部《无敌破坏王》的彩蛋惊喜，这一次迪士尼打造了栩栩如生的互联网世界。,谁是大英雄,,,,《无敌破坏王 2》：隐藏在上百个彩蛋背后的互联网世界
微软超过苹果，成为全球市值第一大公司；苹果新招两个创意团队，提高内部广告创作力量；App Store 抽取 30% 佣金被诉垄断；小鸣单车最新破产审核结果：欠债近 2000 万；雷军武大回忆融资往事：曾被质疑如何做好硬件。,沈知涵,,,,小米武汉总部开工雷军出席；同程艺龙今日赴港上市，发行价 9.8 港元；微信封杀 6 千余个公众号、小程序
ColorOS 6 在设计上做了全新的尝试，同时继续在 AI、「快稳省」等核心体验上进行「打磨」。,贾伯斯龙,,,,五年持续进化之后，OPPO 想在 ColorOS 6 上带来哪些不同？
极客博物馆 vol.19：全面拥抱 Android 的 MOTO 在那个时代焕发「第二春」，那时的 MOTO 无论是产品力还是创造力都强大的惊人，MOTO ACTV 就是那个时期的产物之一。,SeaGreen,,,,MOTO 鼎盛时期的创造力有多可怕？这款 Android 手表比 Apple Watch 还要早三年发布
下一片经济蓝海，谷歌 & 淡马锡预测东南亚互联网经济规模未来将突破 2400 亿美元。,温彦博,,,,Google 和淡马锡发了一份「联合报告」，它可能会改变你对东南亚的看法 | Global 24/7
智能可穿戴设备从来没有像今天这样，掀起全民健身的热潮。,谁是大英雄,,,,全民健康热潮背后，华为发布了一款「手脚并用」的智能手环
Facebook 同意向意大利税务局支付 1 亿欧元欺诈罚金；三季度全球智能手机市场三星居首，华为苹果排二三名；富士康数度回应缩减成本和裁员：涉及集团百家公司，部分报道不实；双 11 期间全国快递业务总量 18.82 亿件，同比增长 25.8%；HTC 推出 Vive Pro 迈凯伦限量版，价格 12888 元，含 2 款定制游戏；中国电信在杭州开通 VoLTE 业务：打电话更清晰；芝麻信用超过 750 分可作为加拿大签证财力证明,Jesse,,,,ofo 下线退押金转网贷理财合作；传腾讯音乐上市进程已敲定：12 月 12 日挂牌；三星就半导体工厂工人患癌道歉
一定程度上，阻挡谷歌云增长的并不是技术，而是谷歌引以为傲的企业文化。,biu,,,,领导层大换血，谁该为谷歌云的撕裂和缓慢增长负责？| Global 24/7
被收购是 Kiva 的终点，但对于仓储机器人公司来说，只是个开始。,赵子潇,,,,Kiva 之后，智能仓储行业的天花板和新未来各在何方？
库克：苹果正在开发自动驾驶汽车软件系统；富士康回应缩减成本和裁员：不影响研发；在欧盟春季选举之前，谷歌公布了选举广告的新政策；特斯拉 Model 3 中国 54 万起售，Model S 和 Model X 降价；苦寻近 5 年无果，马航 MH370 调查团队宣布解散；SpaceX 载人飞船明年 1 月测试发射：有望 6 月份实现载人。,biu,,,,传苹果重启 iPhone X 生产线；微博头部会员发广告将需经过审核；《QQ 音速》明年关服
「矿难」的影响是暂时的，对英伟达更重要的是计算的未来。,宋德胜,,,,英伟达不怕
在下一代 iPhone 上，3D Touch 会不会彻底消失？,刘丢丢,,,,iPhone XR 上消失的 3D Touch：这一次，苹果也没能颠覆业界
Nokia 3.1 Plus 采用了一块 18：9 比例全面屏，3500 毫安时电池，售价为 1099 元。,贾伯斯龙,,,,Nokia 3.1 Plus 上手：大屏大电池的入门千元机
在《王国保卫战：复仇》中，玩家将控制人气反派「维兹南」登场，并且可以回到前作中的经典地图中作战。,刘丢丢,,,,反派当家做主，《王国保卫战：复仇》还会成为塔防神作吗？
现在的「车展」未来还会存在吗？,王训魁,,,,一个合格车展急需的「体验升级」|  广州车展暖科技 TOP 10 
流量红利期不会永远存在，拼多多的天花板能有多高，或许要看保持高速增长的同时，它把根基扎得有多深。,周小丹,,,,拼多多的「三级跳」
如果你经常外出游玩，体积非常小且内置有小爱同学语音助手的小爱蓝牙音箱随身版是一个不错的选择。,豆腐店店长,,,,图赏丨小爱蓝牙音箱随身版：瓶盖一样大小且内置小爱同学，只要 49 元就能买到
"腾讯音乐 20 亿美元 IPO 计划讨论推迟交易至 2019 年初；雷军：小米海外收入占比 44%，国际化进展之快超出自己想象；Facebook 公共政策主管将离职，承认传播竞争对手的负面信息；猎豹移动三季度营收 13.52 亿，同比增长 15.6%
；哈啰出行接入首汽约车，全国 60 余城同步上线；NASA 将全面审查 Space X 和波音公司安全文化；宝马获中国首张外资网约车牌照，下月起运营；苹果《人人能创造》中文版课程上线。",温彦博,,,,拼多多黄峥身家增 17 亿美元，超顺丰王卫；京东双十一借实习压榨职校学生，不配合难毕业；美团回应支付业务违规质疑
Google Photos 的 iOS 版添加了新功能，你可以对人像模式的照片进行景深调节，还可以让拍摄对象呈现局部彩色的效果。,刘丢丢,,,,老款 iPhone 不支持景深调节？Google Photos 的这个新功能做到了！
在陈生强看来，产业数字不仅能使该行业提升效率、降低成本，还能跟消费互联网做结合，给产业带来增量用户，提升收入。,哲铭,,,,京东数字科技的战略路径：舒适得了猪圈，智慧得了城市
如今的京东已经是一艘巨轮，任何 1% 的增长，背后都是对技术和效率的深远影响。,包校千,,,,专访京东 CTO 张晨：京东的应用场景最丰富，技术落地不成问题
Google 今天所面临的挑战，比其 20 年历史上的任何时候都要多。这一年，是 Google「有史以来最为动荡不安的时刻」。,张光辉,,,,二十岁的 Google，在员工们的道德「审判」中走过流年不利的 2018 | Global 24/7
采用珍珠屏，同时移除了 home 键之后，荣耀 10 青春版带来了更高的屏占比。,豆腐店店长,,,,荣耀 10 青春版现场上手：带来了更高的屏占比，以及更「骚气」的配色
俞敏洪再道歉：对女性不够尊重，将借助新东方宣传男女平等；软银将向韩国电商公司 Coupang 投资 20 亿美元；因在中国市场表现欠佳，高盛下调苹果目标股价至 182 美元；Tumblr 苹果 iOS 版遭下架原因揭晓：因存在儿童色情；罗永浩回应酷派子公司起诉：正协商解决会妥善处理；人民日报发布马化腾特写：「首先应该归功于这个时代」；马斯克：BFR 大火箭更名为「星际飞船」，未来要离开太阳系；5G 设备的大规模出货开始：华为已出货 1 万个 5G 基站；三星明年新机发大招：适配 5G、更大屏幕、6 个摄像头；全球首款安卓系统卫星手机亮相，配骁龙 625；北斗迈出关键一步，定位精确到车道即将成真。,张光辉,,,,拼多多三季度营收同比增长 697%，山寨名牌清理进行中，已见阶段性结果；小米印度明年拟扩张 10 倍开 5000 家门店；京东进军养猪业，推出「猪脸识别」
AR 技术与汽车制造领域相碰撞，会擦出怎样的火花？,赵子潇,,,,AR 技术会是汽车制造商下一个关注点么？
目前为数不多的能够达到量产出货的新造车势力当中，又有一位种子选手加入战场。,赵子潇,,,,双十二即将交付的小鹏 G3，提前带来了一份服务「大礼包」
作为一个新人玩家，我在这款游戏中重温了童年乐趣。,谁是大英雄,,,,童年最想要的精灵球，终于被任天堂做出来了
在新风机价格普遍较高的大环境下，米家新风机可能是目前最具性价比的一款产品。,豆腐店店长,,,,米家新风机图赏：一款拥有 300m³/h 风量，但只用 2499 元就能买到的新风机
电动时代，加速度与一家车企保持永久年轻的秘密法则,王训魁,,,,「技术宅」Honda 的电动化战略加速度
儿童手表除了要安全以外，外观好看同样必不可少，这次 360 选择与小猪佩奇「联名」。,SeaGreen,,,,360 儿童小猪佩奇电话手表：实时定位一键预警 授权定制 UI
京东三季度营收 1048 亿元不及预期；腾讯将和东南亚电商商及游戏公司 SEA 展开合作；Facebook 被曝光专利：收集用户全方位的信息；乐视网举行 2018 年第四次临时股东大会，债台高筑 80 亿；凤凰卫视与阿里签订战略协议，盘中股价大涨 31.8%；比特币跌近 7%，跌破 5200 美元创 13 个月新低；谷歌发布东南亚地区年报：东南亚的数字经济正在腾飞；AirPods 2 充电盒被曝光，或将支持无线充电；YouTube 将推出老电影带广告免费看服务；NBA 2K Mobile iOS 版更新，称将会带来「主机级画质」；谷歌员工：我们有权不与公司同流合污,Moonshot,,,,小米与美图达成战略合作，将共同推出美图手机；刘强东风波后首次发声：京东管理稳定，我更关注新业务；天猫发公告：双 11 退货率仅 0.06
在采访中被问起，经历这场危机后是否会辞任 Facebook 董事长时，扎克伯格依然坚定地回答「不会」。这一次，Facebook 董事会也发表声明，表示将会与公司的领导层站在一起。,沈知涵,,,,Facebook 遭遇秋后算账，危机中扎克伯格做出了怎样的选择？| Global 24/7
不出意外，我们很快就能在身边的小米之家看到「美图手机」了。,贾伯斯龙,,,,未来你买到的美图手机，其实来自小米
从微软的弹药库、智囊团、中国互联网的「黄埔军校」，再到开放技术的平台，从闭环走向开放，二十年，微软亚洲研究院除了力主科研，也在探索自身角色的边界，以及寻找一所一流研究院的定义。,吴绛枫,,,,微软亚研院的二十年：一所一流研究院的自身修养和边界突破
拥有了上百万的企业用户，Testin 云测不再将自身定义为「你身边的测试专家」，但它会成为自己希望的全生命周期的企业应用服务平台吗？,拉风的极客geek,,,,Testin 云测：一个典型的产业互联网创业样本
预计三星智能手机 2018 年在华出货量 300 万部；大众集团未来 4 年斥资 500 亿美元研发电动汽车及自动驾驶等新技术；谷歌「智能眼镜测血糖」项目研发四年宣告失败；Lightroom CC iOS 更新：支持最新 iPhone/iPad Pro；马斯克成立了一家卖砖头的公司 Brick Store。,沈知涵,,,,陈林出任今日头条 CEO；恒大健康：FF 员工无理控告，将采取一切行动捍卫权利；腾讯推出短视频应用「哈皮」
苹果正在建立自己的「社交网络」，里面的理想用户购买苹果产品、消费苹果软件和服务、创造内容或开发苹果软件三合一；硅谷为人父母的科技从业者们如今面对自己曾参与打造的产品或服务对自己孩子的「引诱」时，他们能做些什么；在人工智能已经可以写出新闻短讯的时代，我们如何利用它让新闻报道再上一个台阶……这里是 TechBoard 第二十八期。 TechBoard 是一个全球视野下，甄选每周重要科技评论的栏目。我们将以摘要的形式引入值得阅读的科技评论文章，并鼓励读者去阅读原文。,Moonshot,,,,苹果的线下社交网络；硅谷的黑暗共识：让孩子们少用数码产品 | TechBoard#28
小巧的机身，浅浅的「刘海」，不错的性价比。,贾伯斯龙,,,,魅族 X8 体验：小尺寸，浅「刘海」
极客博物馆 vol.18：本期我们来聊聊英伟达的「神盾掌机」Shield Portable，它虽然不算是一个商业上成功的机型，但在游戏形式的探索上绝对远超同时代的竞品。,Rubberso,,,,最有野心的游戏掌机，竟然是出自英伟达之手？
腹背受敌的 Netflix，把目标瞄向了新的战场：「移动的亚洲」。,Moonshot,,,,走出竞争惨烈的北美市场，Netflix 为亚洲用户推出了「半价套餐」| Global 24/7
"在手游市场里，马太效应似乎永远是失效的，这也是为什么它始终充满新的商机和可能性。
",早优夫斯基,,,,Google Play 说，手游市场永远年轻
苹果与奥斯卡获奖电影公司 A24 达成协议，制作原创电影；PS4 五年销量突破 8610 万台，软件销量达 7.779 亿套；全球智能音箱销量第三季度同比增长 137%，亚马逊夺回冠军宝座；英伟达第三季度营收 32 亿美元，净利同比增 47%，盘后跌逾 16%；三星发布新一代处理器 Exynos 9820，采用 8nm 制程；微软正式推出 ARM64 开发套件，商店也开始接受 ARM 应用程序；小鹏汽车宣布首款量产车 G3 将于 12 月 12 日正式上市；SpaceX 互联网卫星网络获 FCC 放行，总数接近 1.2 万颗,Jesse,,,,国家正对滴滴 Uber 合并案进行反垄断调查；特斯拉将在年底前交付 11 月 30 日之前的 Model 3 订单；腾讯收紧微信公众号注册数量上限
用平台的身份打压竞品，操纵流量，亚马逊在商业道德上是有瑕疵的。,biu,,,,苹果终于能在亚马逊上直接卖东西了，但这门「双赢」生意并不光彩 | Global 24/7
Netflix 要在「算法」和「人」之间做出选择，这是整个科技行业的难题,Jesse,,,,听人的还是听机器的？这件事 Netflix 想了很久 | Global 24/7
又有钱又潮的迪拜警察又开始疯狂买买买了。,谁是大英雄,,,,为了抓住更多罪犯，迪拜警察竟然打算标配飞行摩托
Space FM 模拟出了一个太空世界，每个用户都是宇航员。,刘丢丢,,,,地球太闹，到这个太空电台里寻找同类吧
