author,link,posttime,report,text,title
刘丢丢,,2018/12/29,,"《黑镜：潘达斯奈基》是一部互动式电影，剧情随着观众的选择而变化，有无数种分支走向。,Netflix 上口碑爆棚的神剧《黑镜》终于推出了新的剧集，并且采用了独特的多重结局叙事。作为一部互动式电影，它的全部时长有 5 小时 12 分钟，不过有的剧情需要观众主动选择才能触发。完整地体验一次故事，大概只需要 1 小时 30 分钟。根据 Netflix 的说法，故事共有 5 个不同的结局。,这种独特的叙事方式却让「资源党」犯了难。以往 Netflix 的习惯是一次性放出全集，接着就会有盗版资源流出，观众可以一次看个够。但这次的「潘达斯奈基」是一部互动式电影，剧情随着观众的选择而变化，有无数种分支走向。可以说，观众的参与感才是它最独特的地方。知名字幕组人人影视就表示：「这部剧可能没有可用的片源。」Netflix 无意中做了一部无法被盗版的剧。,不在 Netflix 上看「潘达斯奈基」，解决方法有两种。一是通过剪辑拼成完整的故事，就像「云玩家」一样，看完故事剧情。但是，怎么来判断应该进行哪部分剧情？如果根据 5 个结局剪出 5 个故事，其中必定有大部分重复内容，不可能有人全部看完。有人说可以剪出一个「完美结局」，但这并不是游戏，完美结局不一定存在。即使存在，这样由别人剪辑成的完整故事就是一个普通的电影，丧失了「互动式电影」的魅力。,第二种方式，将全部影片下载，根据选择指引下一个播放的片段。就像我们玩过的心理测试游戏一样，「选择 1 请跳到 A 片段」。但是这样的体验是割裂的，会破坏观影体验。所以，在 Netflix 上观看才是最好的选择。如果你的 Netflix 免费试用还在，是时候拿来看《黑镜》了。,在 Netflix 中，这部剧是没有进度条的，它由无数个片段组成。每到观众做选择的时候，视频下面就会出现选项，根据选择来推动下一个剧情，和玩游戏一样。这有点像我们前段时间体验过的,，到底是游戏还是电影？这个疑问在「潘达斯奈基」上也同样存在。,「互动游戏」为了提升玩家的参与感，会在很多小的地方也增加互动，即使是不影响剧情走向的地方。其中的度很难把控，太难会影响游戏的推进，太简单又会让流程变得繁琐而无用。而「互动电影」的重点还是观看，只要让观众在关键节点进行选择就可以了。这样既不会让观众感到厌烦，又能以上帝视角把握剧情。,其实这些小互动多或少，并不会影响整体体验，更重要的是玩家（观众）的心态问题。大部分游戏都有一个「赢」的目标，玩家目的明确，不会在选择上有迟疑。而互动游戏这种形式则完全不同，它是让你产生代入感，在目的不明确的情况下做出一个个决定，最终推动故事的发展。,《底特律：变人》之所以备受关注，就是因为讨论的是一个很有争议的话题「机器人造反」。更有意思的是，玩家是站在机器人的视角看待问题。为了现实中的自己（人类）赢？还是为了游戏中的自己（机器人）赢？这是两种完全不同的心态。,如果太追求「完美结局」，反而代入感不强。至少在第一次游玩（观看）时，应该以角色的心态做选择，这样才能完整地感受故事，之后再为了「赢」而解锁其它结局。,《黑镜：潘达斯奈基》是一部非常有颠覆性的剧集，有创新也有争议。观众和主角的互动不仅仅是「控制」与「被控制」。在剧情发展上，它也和传统的互动式电影不一样。为了避免剧透，我们无法和你分享太多。总之，一定要去 Netflix 上观看，其它任何方式都会影响你的体验。",《黑镜》出了一部互动式电影，没有进度条、也无法被盗版
谁是大英雄,,2018/12/29,,"智能门锁在 2018 年迎来了行业爆发的时刻，头部玩家小米带来的米家智能门锁令人耳目一新。,年度智能家居设备：小米米家智能门锁,经过几年沉淀，智能门锁在 2018 年迎来了行业爆发的时刻。这一年国内新的智能门锁品牌不断涌现，无论线上还是线下，许多人第一次了解并体验到了这类产品的方便。在这种背景下，智能家居中的头部玩家小米带来的米家智能门锁令人耳目一新。,设计简洁的米家智能门锁外观上采用了一体化高效设计，通过将指纹识别模块放在把手上，实现了「握住把手，一步开门」的理念，对于任何从没接触过智能门锁的人来说也可以直接掌握，磨砂手感的把手和边框增强了其手感，而结合图像+特征点指纹检测算法则能够很好应对假指纹的干扰。,和同价位其他产品相比，米家智能门锁最大的特色体现在它和小米其他产品的联动上，背靠庞大的小米生态智能家居产品，用户可以通过加入更多网关和智能产品，让家庭中的各种产品进行智能联动，每当开门之后，家中可以实现自动开/关灯，或者调节温度湿度等功能，出门在外则可以快速关闭智能电器，这无疑让门锁具备了更强的实用性。,除指纹识别解锁外，米家智能门锁提供了数字虚位密码开锁、小米手机 NFC 开锁等针对不同场景的更多解锁方式。采用行业最高安全标准的 C 级锁芯配合定制的米家安全芯片，在硬件上更全面地保证了安全性，同时官方 APP 从连接和设置上一如既往保持了简单方便的原则，最大限度减少了用户上手的学习成本。,在市面上不断出现带有指纹识别功能的智能门锁时，米家智能门锁通过产品上一些新的亮点惊喜，也通过千元的价格将智能门锁的使用门槛进一步拉低，通过这种方式也让更多人享受到智能门锁带来的方便和好用，无论是新房装修或者老房子升级，这款产品都表现出了不错的质价比。",极客之选年度评选丨年度智能家居设备：小米米家智能门锁
biu,,2018/12/27,,"A 站运营主体成为快手全资子公司：注册资本升至 4 亿元；百度 Apollo 解锁 20 张北京路测牌照，斩获全国牌照总数超半百；支付宝辟谣交易 5 万或受可疑监控：现金交易才要报备；HTC 回应「手机下架」：系店铺运营调整和渠道整合；荣耀 V20 发布：打孔屏 + 4800 万像素，2999 元起；天文学家与阿里合作寻找「第二地球」，39 光年外或有生命条件。,昨日，丁香园再曝猛料，独家披露权健经销商活动现场。在视频中可以听到以下言论：母亲得了小脑萎缩，吃了产品做了火疗，现在生活可以自理；「所有通过我调理的白血病病人，没有一例不好的」；「权健解决不了的慢性病，疑难杂症，到任何地方都解决不了」。目前，丁香医生已收到权健公司发出的律师函，准备走司法程序。,26 日，权健接受了新京报的采访，针对网络上宣传权健保健品可治病的说法，权健方面称「可能有经销商在实地销售时存在虚假宣传的问题」。针对顾客火疗后烧伤问题，「火疗没问题，操作人员实际操作存在差异导致烧伤。」针对近日风波，权健品牌管理部部长王女士表示「丁香医生在拿孩子和癌症这些字眼带流量、炒作。」,26 日早晨，丁香园官方直接转发权健集团的声明，称「不会删稿，对每一个字负责，欢迎来告。」丁香医生方面认为，权健公司的整篇声明都在说如何如何「合法」，至于公众关心的「是否有效」闭口不谈。,另外，市场监管总局于昨日发布关于进一步加强保健食品生产经营企业电话营销行为管理的公告。明确规定，保健食品经营者以电话形式进行保健食品营销和宣传时，应当真实、合法，不得作虚假或者误导性宣传；不得明示或暗示保健食品具有疾病预防或治疗功能。（来源：新京报、观察者网）,昨日，高通公司委托诉讼代理人北京市联德律师事务所律师蒋洪义称，目前正在收集整理被告目前还在销售、许诺销售被禁型号 iPhone 的证据，本周内将提交法院，并向法院阐明苹果公司对待中德两国司法裁判的差异性做法，推动法院尽快对苹果在中国拒不履行生效禁令的违法行为采取法律规定的惩罚措施。,值得一提的是，12 月 20 日，高通宣布慕尼黑地区法院认定苹果侵犯高通与降低智能手机功耗有关的知识产权，要求苹果公司停止在德国销售、许诺销售和进口销售侵权的 iPhone，之后苹果表示 iPhone 7 和 iPhone 8 将暂停在德国的 15 家苹果零售店提供。（来源：新京报）,昨日晚间，京东宣布，公司董事会已批准一项股票回购计划，在未来 12 个月内京东最多将回购 10 亿美元的公司股票。对于此次股票回购，京东将依据相关法规，通过公开市场、私下协商交易、大宗交易或其他合法形式不定期进行。京东董事会将阶段性评估该股票回购计划，并可能调整回购条件和规模。京东计划利用手中的现金来资助该股票回购计划。,截至 2018 年 9 月 30 日，京东持有的现金、现金等价物、受限现金和短期投资总额为人民币 429 亿元（约合 62 亿美元），而截至 2017 年 12 月 31 日为人民币 384 亿元。（来源：新浪科技）,12 月 25 日，百度 Apollo 宣布再获北京市颁发的 20 张自动驾驶路测牌照，并且获得天津市颁发的首批自动驾驶路测牌照。2018 年 3 月 22 日，百度获得了首批 5 张 T3 级别自动驾驶开放道路测试试验用临时号牌，在亦庄、海淀等城市开放道路上进行了公开路测。,据悉，Apollo 平台自 2017 年正式问世以来，截止目前已经拥有了 130 多家合作伙伴，30 多万行开源代码、并获得 12000 多名开发者使用。北京智能车联产业创新中心数据显示，百度在北京已经有 45 张路测牌照。截至目前，百度 Apollo 获全国牌照数量超过半百。（来源：盖世汽车）,12 月 24 日，在快手宣布收购 A 站六个月后，AcFun 弹幕视频网（A 站）运营主体广州弹幕网络科技有限公司股东发生变更，北京弹幕网络科技有限公司退出，广州弹幕网络科技有限公司成为北京快手科技有限公司的全资子公司。同时，广州弹幕网络科技有限公司的注册资本由 1176.4707 万元飙升至 4 亿元。,2018 年 6 月，快手公司宣布全资收购 A 站，快手将在资金、资源、技术等方面给予 A 站支持，A 站则保持独立品牌，维持独立运营，保留原有团队。（来源：澎湃）,昨日，针对 1 月起第三方支付个人交易 5 万、转账 20 万以上或受可疑监控的消息，支付宝方面发布微博称，这个 5 万的信息是谣言，请大家不要惊慌。,近日有消息称，明年 1 月 1 日起，央行关于非银支付机构开展大额交易报告的新规施行，支付宝、微信支付这些账户 5 万元以上的大额交易要上报了。对此，支付宝表示，这个文件是针对反洗钱的，一天内现金交易超 5 万才要报备，交易特别大额的（1 天 50 万）才要事后报告，「这个在银行体系已实行多年，是为了更好保护资金安全。」（来源：新浪科技）,昨日，在新一代 iPad Pro 上市一个多月后，支持蜂窝网络的版本也悄然开卖。国行方面，11 英寸 64GB 的起步价为 7699 元（WiFi 版为 6499 元），顶配 1TB 的价格为 13699 元。12.9 寸的型号方面，64GB 的起步价为 9299 元，顶配 1TB 的价格为 15299 元。,简而言之，蜂窝版统一比相同容量的 Wi-Fi 版贵 1200 元，现货充足。蜂窝版支持移动、联通、电信全网通，但只能启用数据，无法进行语音通话。（来源：快科技）,昨日，针对近日「HTC 天猫旗舰店手机产品全部下架、疑似停运」的传闻，HTC 有关负责人向时代财经表示，「是店铺运营的调整和渠道整合，手机还会继续销售，明年也会有新机」，但未透露具体的调整方向。,记者留意到，目前天猫平台仍有一款 U11 型号手机在售，京东和官网则有两款，分别是 U11 和 U11+，今年新旗舰 HTC U12 系列则显示下架 / 缺货状态，上述 HTC 有关负责人表示是暂时无货，后续还会上架。目前，HTC 的线上销售平台主要为官方商城、京东和天猫。（来源：时代财经）,昨天下午，荣耀正式推出全新旗舰手机新品荣耀 V20。亮眼的是，荣耀 V20 率先采用了「盲孔」方案打孔屏，实现了整个前置摄像头孔径只有 4.5mm 的超小距离。前置相机达到了 2500 万像素，并且加入了 TOF 模组。后置像素达到了 4800 万。,
      ,配置方面，荣耀 V20 采用最新的麒麟 980，根据华为官方提供的信息，对比麒麟 970，麒麟 980 的 CPU 性能提升了 75%，能效提升了 58%，GPU 性能提升了 46%，能效提升了 178%。,价格方面，荣耀 V20 三个版本的具体价格分别是 2999 元（6GB + 128GB）、3499 元（8GB + 128GB）、3999 元（8GB + 256GB，MOSCHINO 联合设计版），12 月 28 日开售。（来源：极客之选）,昨日，在 2018 OPPO 开发者大会上，OPPO 副总裁、互联网事业部总裁段要辉介绍，截止 2018 年底 OPPO 手机已覆盖超过 30 个国家和地区的市场。另外，官方称全球 OPPO 手机月活用户达到 2.5 亿。对于即将到来的 2019 年，段要辉宣布 OPPO 将投入 10 亿元资源力推「引力计划」，包括应用合作计划、小游戏联运计划、独立游戏星火计划、快应用发现计划、哥伦布计划。,同时，OPPO 还在会上发布其智能助理 Breeno。据介绍，Breeno 已融入 OPPO 手机的语音、识屏、识物、建议、空间、速览、驾驶共 7 大应用界面，OPPO 同步宣布面向开发者开放 Breeno 的语音技能和智慧服务能力，未来 Breeno 将在多品牌、多终端上与消费者见面。（来源：科客）,近日，有耶鲁天文学家透露，正在与阿里工程师合作对 39.13 光年外的一个恒星系统进行研究，这里或许将发现适宜生命居住的「第二地球」。据了解，双方合作研究的是这个恒星系统中的 7 颗行星，其中有 5 颗大小与地球类似，并有 3 颗具备液态水和孕育生命的可能性。,通常来说，科学家们用经典算法或者人工方式对探测器传回的数据进行分析，但各类空间探测器和望远镜汇集的数据计算对传统大型计算机来说也是一项浩大工程。这推动天文学家开始与科技公司进行合作，应用前沿的计算科学技术进行数据分析。,此次耶鲁学者和阿里工程师合作研究的恒星系统被认为是最有可能发现外星生命的应许之地。此前，天文学家曾发现其中两颗行星由岩石构成，拥有紧密的大气层，就像地球和火星一样。下一步，天文学们将推动下一代空间探测器的发射，进一步推测这 7 颗行星中是否存在氧、甲烷等生命指标。围绕这 7 颗行星或许将诞生 21 世纪最伟大的发现。（来源：雷锋网）,据外媒 teslarati 报道，荷兰 9000 名特斯拉司机中，有 75% 获得了超速罚单，这比其他任何汽车品牌司机的超速比例都高。除了纯电动品牌特斯拉，插电式混合动力汽车（PHEV）的车主也有许多陷入了超速的困局。同期数据显示，有 2/3 的插电式混合动力汽车车主拿到了超速罚单。相比之下，传统燃油动力汽车车主就要「冷静」不少：只有 27％的汽油司机、46％的柴油车司机拿到过超速罚单。,有人指出，驾驶高级电动汽车感觉太爽，瞬间扭矩、快速加速和更加安静的驾驶环境，都是燃油车无法复制的特性。尽管很爽，但这些因素也会导致驾驶员对车辆速度感知能力的下降，从而吃到超速罚单。,针对以上现象，国外开始上调电动汽车最高限速。例如，奥地利去年 10 月就曾宣布，奥地利 IG-L-Hundred 区域内高速行驶将限速为 130km/h（80MPH），比燃油汽车要高出 30km/h（20MPH）。（来源：环球网）,题图来源：视觉中国",丁香医生再曝权健活动录音；京东宣布十亿美元回购股票计划；高通收集 iPhone 中国违规销售证据
刘丢丢,,2018/12/27,,"还记得《哈利波特》里的「预言家日报」吗？,《哈利波特》世界里有一种神奇的魔法报纸，报中照片上的人物可以动起来，看起来有点像 GIF 图。在故事里这当然是「魔法」的功劳，现实世界中还没有造出这样的报纸。不过，华盛顿大学的几个科学家不死心，他们想用 AI 算法来让照片中的人动起来。,这种技术叫做 Photo Wake-Up。先来看一下效果，他们在照片、海报和艺术画上都进行了实验。,首先向我们走来的是篮球运动员库里，看起来是刚进了球。,
      ,然后是钢铁侠。哎，你从太空回来了？,是超级赛亚人孙悟空！只是原地蹦了几下...... 我以为他要变身了,还有一位长相奇怪的女子，原来是毕加索的《玛雅和玩具船》。,是不是很酷炫？这些人物就像是从画中走出来的一样，不仅从 2D 变成了 3D，还能做各种动作。,其实类似的尝试之前就有人做过，把照片里的 2D 形象映射到 3D 模型上，然后让它们动起来。不过结果嘛，像是行尸走肉。,因为 2D 形象都是从某一个固定角度去看的，用 3D 模型的标准去控制，会出现不匹配的情况。更不用说毕加索画里的人，根本没有一个合适的模型来匹配。让 2D 形象动起来还有一个难点，就是身体部位的重叠部分不好控制，走路的时候哪只手在前？哪只手在后？还要被身体挡住。这些复杂的问题不解决，根本无法做到栩栩如生。,团队给出的解决方案是 AI 算法。首先将 2D 形象与 3D 形变模型匹配，标记出身体各部位的位置。然后按照形变算法，一步步构建网格。,按照关键点位置控制网格，还原出皮肤数据，构建好贴图。,最后，把贴图放回到原图中，用算法填充背景，人物就可以随便跑了！,团队还特别提到，头部姿势的准确性对动起来的人十分重要，因为大部分人会将注意力放在人物的脸上。因此，他们的算法还可以识别形象的头部角度，还有注视方向。,为了让这个算法可以实际应用，团队还提供一个调整的选项，允许使用者改动关键点的位置。,这项技术可以被用到 AR、VR 中，配合相应设备来使用。想象一下，未来我们在博物馆中看的艺术画，可能是动起来的。",​打破次元壁！这个 AI 算法可以让照片里的人跳出来
Jesse,,2018/12/29,,"印度限制电商销售，小米市场第一位置恐被三星夺回；苏宁易购完成出售阿里部分股份，预计获利 52 亿元；吃鸡游戏《堡垒之夜》爆火，开发商 Epic 今年盈利 30 亿美元；2018 年中国快递业务量突破 500 亿件，超过美日欧总和；传谷歌将于 2019 年春推 Pixel 3 系列「廉价版」；iPhone 明年或将转用索尼 3D 传感器，可识别远距离物体；哔哩哔哩电竞公司开通微博，发布品牌 logo,晚间 6 点，中国铁总在官方微博上对用户信息泄露一事进行了回应，称网传信息不实，铁路 12306 网站未发生用户信息泄露。并提醒用户在 12306 官方渠道上购买火车票。（来源：腾讯科技）,此次任命两位新董事，也是特斯拉与美国证券交易委员会 (SEC) 签署的和解协议的一部分。今年 9 月，特斯拉 CEO 埃隆·马斯克 (Elon Musk) 因「特斯拉私有化事件」而被 SEC 告上法庭。SEC 认为，马斯克在此期间发布了「错误的和具有误导性的」声明，涉嫌欺诈。之后双方达成和解。根据和解协议，马斯克可以继续担任 CEO，但要辞去董事长职务。同时，需任命两位新的独立董事，控制和监督马斯克的言行。（来源：新浪科技）,北京时间 12 月 28 日消息，印度政府在周三颁布了一项政令，禁止网络平台签署排他性协议，使某款产品只在单一平台上销售。同时，印度还要求单一厂商在电商平台上销售的产品量不可超过库存的 25%。就此消息，有分析师称，这一政策可能会帮助三星从小米手中夺回智能手机市场份额第一的位置，因为三星的线下零售渠道要比小米更广，而小米近 70% 的手机销量都来自线上渠道。要想保持领先，小米需要快速开设实体店。,除小米外，这一规定的调整可能还会伤害到包括一加、华为荣耀以及 OPPO 子品牌 Realme 在内的其他国产厂商，因为这些厂商的大部分手机销量都来自亚马逊、Flipkart 等电商网站。（来源：凤凰科技）,Epic Games 成立于 1991 年，腾讯是它首个外国投资者。2012 年，腾讯斥资 3.3 亿美元，换取了 Epic Games 40% 的股份。当时，Epic Games 最著名的产品是 Unreal Engine（至今仍在运行的第三方开发平台），以及畅销游戏《Gears of War》。（来源：腾讯科技）,鉴于 Pixel 3 Lite 和 Pixel 3 XL Lite 两款机型的中端定位，有媒体预测它们可能会搭载骁龙 670 或 710 处理器，配备 4GB 内存，存储空间 32GB 起步，保留耳机插孔，后置 1200 万像素镜头、前置镜头为 800 万像素。屏幕尺寸上，有爆料称 Pixel 3 Lite 为 5.5 英寸，Pixel 3 XL Lite 为 6 英寸。（来源：新浪科技）,12 月 28 日，哔哩哔哩正式开通了旗下哔哩哔哩电竞官方微博，同时发布了品牌 Logo。哔哩哔哩电竞公司的 Logo 设计继承了 B 站的代表性元素以及电竞概念，以 bilibili 的蓝色作为主色调，图形上也继承了 bilibili 的小电视与闪电元素，侧面图形由电竞「E-sports」首字母「E」与「S」组合构成。,今年 10 月 10 日，B 站正式宣布成立子公司哔哩哔哩电竞，陈睿将兼任哔哩哔哩电竞公司的董事长，陈悠悠受任为哔哩哔哩电竞公司总裁，向董事长陈睿汇报。早在 2017 年 12 月，B 站就正式组建了自己的电竞俱乐部 BLG，其英雄联盟分部代表 B 站征战 LPL。与此同时，B 站也获得了 2018LPL、全球总决赛、洲际赛的赛事直播权和点播权。（来源：Pingwest）",60 万 12306 用户信息遭泄露，中铁回应：消息不实；苹果股票回购计划被指巨亏 90 亿美元；特斯拉任命甲骨文董事长为新董事
geekerdeng,,2018/12/29,,"利用云计算和 SaaS 应用，SAP 正在激活中小企业市场的价值。
,「在中国，中小企业占了 SAP 客户的 80%。」SAP 中国区工商企业事业部总经理尹锦明告诉记者。作为全球最大的 ERP 服务提供商，以产品线全面、完善的 SAP 并不缺少客户找上门。,现在，随着 SAP 开始在云计算发力，SAP 开始寻求主动在中小企业身上找到价值。今年 9 月，在接受媒体采访时，SAP 大中华区总裁纪秉盟（Mark Gibbs）称，「现在 SAP 工作重点转向云的时候，我们服务优先对象也会有变化，我们会优先关注中小型的企业，我们服务企业的类型变得更加丰富、多元化了。」,据尹锦明介绍，从今年年初开始，SAP 加大了在中国的中小企业的投入，并且取得了高三位数的成长。而这主要得益于 SaaS 的服务的推出。在他看来，SaaS 应用大为降低了中小企业应用 SAP 的成本。,过往，在企业服务领域，中小企业被认为是一个「鸡肋」式的市场，因为中小企业破产率很高，市场不稳定且利润空间有限。现在，云计算给了以 SAP 为代表的传统企业服务公司新的理由 。一方面，虽然和大型企业相比，中小企业的破产率高一点，但据傅睿科介绍，「整体上来看中小企业业务的利润率和大企业的利润率是不相上下的。」；另一方面，随着云服务被接受程度的不断提高，SAP 也在逐步改变自己原来的产品节奏，SAP 原本成系统的软件被拆解成不同的 SaaS 应用，产品的灵活性和可落地性大大增强。,12 月 12 日，SAP 媒体沟通会上，数字化核心和行业解决方案总裁傅睿科 (Franck Cohen) 和负责中小企业客户的 SAP 中国区工商企业事业部总经理尹锦明接受了包括极客公园在内的多家媒体的采访。会上，除了介绍近期 SAP 在人工智能方面的进展外，两人也回答了诸多关于 SAP 在中小企业客户市场的布局。,以下为对话内容，经极客公园编辑（媒体= Q，傅睿科= F、尹锦明= Y）：,F：其实 SAP 的绝大部分客户都是中小企业，可能大家对我们了解比较多的是很多大企业都是 SAP 的客户，但是实际上我们在全球各地绝大多数的客户都是中小企业。,SAP 不仅没有忽视小企业、中小企业，正相反我们进行了大量的投资，积极推动这一个非常有意思，而且处于蓬勃发展当中的中小企业。在中国，我们有 SAP 中国研究院，是专门为中小企业打造解决方案。,Y：中小企业对于 SAP 全球以及中国在未来几年是我们重点投入的市场，在大型企业里面，SAP 的市场份额已经非常之高，在今年年初，我们加大了在中国的中小企业或者工商企业这方面的投入，而且取得了高三位数的成长，由于我们在中国云 SaaS 的服务的推出，其实大为降低了中小企业应用 SAP 去帮助改善管理，实现创新的门槛，所以其实取得了很好的成绩，同时明年包括在今年下半年和明年，会继续加大这方面的投入。,F：首先我们进行大量的投资，进行解决方案的中国本地化，SAP 中国研究院有几千名员工进行中国本地解决方案的开发，进一步推动中国本地化的进程。中国研究院就在上海。,我们在开发解决方案的时候，现在也会开发一些非常易于理解、易于使用、易于实施的解决方案让小企业都很方便。而且最近我们也是庆祝了一个重要的成就，中国本土的一家企业，在 9 个星期时间内，就实现了签约到系统上线的过程。,此外还有一个点，我们看到中国的很多中型企业也在积极的走出去，在国外拓展自己的业务，SAP 是愿意积极的帮助他们在境外拓展自己的业务，应用我们的系统，恐怕在这一点上本土公司就不具备全球支持的能力。,在 SAP，我们是有几千人的队伍，他们的专职工作就是进行产品的本地化，不管是在俄罗斯、中东、拉美，都是如此。因此数字化转型真正的是让我们的地球成为了一个小村庄，完全可以在中国生产一个产品，打造一个服务在全球进行销售，我想中国公司是完全可以借由 SAP 的助力实现全球的发展。,Y：在中国，中小企业占了 SAP 中国客户的 80%。产品 ERP 会是比较多，因为这个是 SAP 起家的产品线，但是因为现在产品线已经横跨到企业各个应用的方面，其实也越来越多的企业选择行业解决方案，可以跟他的数字化的核心做一个很好的集成，实现最大的管理的项目。,中国幅员辽阔，光靠我们自己的销售团队和服务团队是不可能服务众多的中小型客户，不管是 20 多年前进入中国还是现在我们大力推广基于云的解决方案，我们第一要做的事情其实就是建设我们的生态，所以我们在大力发展各种类型的合作伙伴。,Y：我们有转售的合作伙伴、代理商，因为我们实施的合作伙伴也有联合开发的合作伙伴，类型很多。,F：我觉得可能一方面确实和大型企业相比，中小企业的破产率高一点，与此同时中小企业有很多增长速度非常快，将来能够给我们带来更多的机会，二者之间有一点相互协调的作用，所以说从整体上来看中小企业业务的利润率和大企业的利润率是不相上下的。,另外，从销售模式上来讲，我们对于中小企业是非直接销售的一种模式和渠道，其实我们的销售成本会相对更低一点，我们对一些大型企业客户就是直接销售，所以也是客户销售成本更高。,Y：其实现在跟很多初创公司成为我们的客户，我们大力推 SaaS 的服务，对于初创公司来讲宣传 SaaS 服务也是减少风险和一次性 IT 服务的方法，又能帮助到这类公司。,F：这个方面我们的合作伙伴包括大型的系统集成商，中国核心的企业，还有一些具有附加值的转售的合作伙伴针对小企业。,Y：其实 SAP 有很多朵云，或者有很多 SaaS 的解决方案，我们是跟全球和中国大的 IaaS 合作的策略，您刚才讲到的 S/4HANA Cloud 在这个产品线我们其实是 9 月份宣布了跟阿里的战略合作，当时全球 CEO 参与了跟马云有一个发布会。,Y：未来会放在阿里上，我想强调的一点是 SAP 在中国推广的 SaaS 的解决方案是全部符合中国网络安全法的要求，数据都存放在本地的。,F：首先我们认为实现数字化转型，一定要有一个数字化的核心，所以说现在 SAP 不仅仅只是讲 ERP，我们把它的叫数字化核心，这是一个企业非常重要的基础，需要有这样的数字化核心，包括你的数据的模型，要求能够对数据进行非常快速的分析，能够读取一系列数据库，并且能够实时的进行搜索和问询，并且能够不管有多少体量的数据，都能够及时的进行分析，帮助企业决策。,其次我们认为，人工智能是数字化，也就是真正的数字化转型的一个催化剂，而 SAP 在人工智能方面目前正在进行大量投资。,F：我们很多的 AI 的算法，主要应用的领域是在财务、会计，它是各行各业都需要的一部分，所以在这一方面的 AI 应用它其实是跨行业的。其次，我们也会针对不同的行业有不同的算法，打个比方说，零售行业如何动态定价，我们这个方面的算法是针对零售行业的，对于制造业可能能够提前设定工期，能够提前进行预测，这些算法对他们来说比较重要。对于服务行业可能他们如何进行预防性的维护，这个也是非常重要的一个需求。所以说我们的机器学习算法，不管是在数字化核心当中，还是在整个的行业解决方案当中的应用，是完全要看到底我们是如何能够为客户创造最大的价值。,我们如何能够实现这个目的呢？我们靠的是和我们的客户进行联合开发。也就是说，我们现在在全球范围内，正在和 270 个客户进行联合的解决方案原形的开发和设计。我可以告诉大家的一点，在我们所应用 AI 开发的原形设计方案当中，50% 都是失败的，因为确实在这个科学领域还有很多我们未知学习去探索的，一个 AI 的专家跟我就说过，如果你害怕失败就不要进入到智能领域。所以我们通过这些领域，尽管每天都要面对着失败，但是我们每天都是通过不断的评估，从失败当中学习，我们有很多的收获。,而且在很多情况下，我们之所以会失败，主要是由于缺少数据，或者数据的质量不行，而并不是算法本身的问题。可以说我们数据它是我们最终的硬突破，如果你的数据数量达标，质量过关，最后算法得出的结论会是非常准确的。如果你没有合适的数据，人工智能是没有办法获得成功的，对任何公司都是如此。,F：我详细跟大家介绍一下这个情况，我们收购规模比较小，这家公司是做 RPA 的，机器人流程自动化，公司的名字叫做 Contextor，它是一家法国企业，有 20 年的历史，有 100 个客户，都是大企业客户，我们之所以进行这次收购，是看重它的 RPA 技术。,刚才我已经跟大家描述过 SAP 的 AI 路线图，包含了各种各样的技术，从最基础的程序自动化技术开始，RPA 我们收购的技术开始到机器算法，到更进一步的深度神经网络，它是用于最复杂和深度的使用，包含了各项技术。,我们现在所有相关的 AI 的技术都是属于 Leonardo，它是归结于一个总的负责人统管，来负责所有 AI 技术。,责任编辑：卧虫,头图来源：SAP （题图为傅睿科）",谁在敲中小企业的门？SAP 说有我们
豆腐店店长,,2018/12/29,,"包括双 J 的头灯、类似的尾灯等等在内，捷豹 I-PACE 保持着很多家族式设计，这也使得它看起来足够成熟。,在各大车企纷纷发力新能源汽车的时候，捷豹路虎也并不例外。今年的北京车展上，捷豹首款豪华纯电轿跑 SUV 捷豹 I-PACE 正式完成了亚洲首秀。时隔 8 个多月之后，我们也正式拿到了这台来自于捷豹路虎的全新车型（First Edition 版本）。一起来欣赏下。,
      ,最近两年，随着政策的扶持以及各家车企们在技术上的投入，电动汽车也越来越多，而它们在外观设计上也大多有着比较明显的电动汽车特征，捷豹 I-PACE 也并不例外。如果单纯从外观上来看，捷豹 I-PACE 与家族其它车型有着很多相似的地方，不过这次它加入了很多全新的设计元素。,和家族的其它车型一样，捷豹 I-PACE 延续了标志性的前脸，并没有像特斯拉一样取消前进气格栅，也没有做很多具有科幻感的设计，整体给人的感觉是它并没有完全脱离捷豹原有的体系，而是在成熟与创新之间取了一个平衡点。  ,       细节的打造上，捷豹 I-PACE 在引擎盖上做了一个特别的导流孔。除了让整体外观显得更加动感，行驶过程中，从前进气格栅进入的气流会从该导流孔中排出，来增加下压力，提升车辆的稳定性。,
      ,前大灯作为汽车的「眼睛」，除了起到照明的作用，也对整体观感有着重要的影响。捷豹 I-PACE 的前大灯依旧采用了大家比较熟悉的双 J 造型，而采用熏黑处理之后的大灯轮廓，进一步提升了运动感。,
      ,另外值得一提的是，捷豹 I-PACE 前大灯下方两侧各设置有一个下格栅。当然，它并非只是起到装饰效果。在开启状态下，其可以将空气导流到电池组来起到散热的作用，关闭则能够降低风阻。  ,
      ,作为一款 SUV 车型，捷豹 I-PACE 的整车体积并不小。按照官方给出的数据，它的车长为 4682mm，高度为 1565mm，宽度为 2011mm（后视镜折叠宽度），轴距为 2990mm。较长的轴距加之它的车轮相对比较贴近车身四个角，所以内部空间足够宽敞。,
      ,车身侧面，捷豹 I-PACE 运用了很多线条设计，同时在靠下位置加入了一条流线型的黑色饰条，并且在上边加入了 JAGUAR 字样，这也使得它的侧面看起来不会显得过于单调。,
      ,对于电动汽车而言，充电口的位置设计是否合理，也直接影响着实际使用时的便捷性。捷豹 I-PACE 在车身左右两侧靠上位置分别设置有一个充电口，其中右侧充电口支持 7KW（交流电）慢充，左侧充电口支持 100KW（直流电）快充。,
      ,降低风阻提高效能是电动汽车设计的重点，和特斯拉一样，捷豹 I-PACE 也同样采用了隐藏式门把手设计。另外，它的后视镜下方也配备有服务于倒车影像的摄像头。,
      ,有关轮毂部分，除了我们拿到的 20 英寸 5 辐科技灰钻石切割饰面铝合金轮毂版本，捷豹 I-PACE 还有 22 英寸 5 辐科技灰色饰面带碳纤维镶饰铝合金轮毂可选。,捷豹 I-PACE 的车身尾部整体来讲是比较「厚实」硬朗的。它的线条运用依旧以流线型为主，但由于做了略微凹陷的造型，显示出了不错的层次感，颇有一些 Coupe 车型的味道。  ,
      ,特别的是，捷豹利用「风」做了一个激进的设计——取消了后雨刷。车窗的后玻璃涂上了防水玻璃涂层，同时上尾翼采用了镂空设计，可以巧妙地利用行驶中的气流控制带走后窗上的灰尘和雨水。,尾灯部分，这次捷豹 I-PACE 也依旧延续了家族一贯的设计风格，狭长且不规律的设计，使得它在功能性之外，也进一步提升了整体的运动感，看起来十分犀利。,
      
      
      
      
      
      
      
      
      
      
      
      
      
      
      
      
      
      
      
      ,整体而言，尽管 I-PACE 作为捷豹的首款电动 SUV 车型，但包括例如双 J 的头灯、类似的尾灯等等在内，保持着很多家族式设计，并没有选择做更多大胆的尝试，依旧是我们熟悉的捷豹味道。",捷豹 I-PACE 图赏：尽管作为一款电动 SUV，但它依旧是你熟悉的「捷豹味道」
刘丢丢,,2018/12/28,,"时隔两年之后，QQ 影音突然推出了全新的 4.0 版本。,昨天 QQ 影音突然推出了,，外观进行了全新的设计，但整体还是简洁纯净的风格。距离上次版本更新已经过去了两年，不少老用户表示，这真的是「有生之年系列」。趁着新版本推出，官网还上线了十年纪念活动，写下和 QQ 影音的故事，会抽出十条赠送一年的腾讯视频 VIP 会员。,这一次的突然「诈尸」，炸出了好多老用户，不少人居然还在使用着两年前的 QQ 影音。它之所以这么受欢迎，就是因为简洁好用，可以说是一个很不「腾讯」的产品。而 QQ 影音后来之所以停止更新，甚至传出了团队解散的消息，也是因为它不再适应时代的需求，纯工具的形态难以带来商业回报。,既然已经有了各种视频网站的会员，那我们还需要一个本地播放器吗？,在之前版权混乱的年代，人们喜欢下载观看的方式，于是视频播放器就成了「装机必备」的软件。快播有最快最全的资源、暴风影音支持的格式多、射手影音字幕全，而 QQ 影音的特点就是纯净无广告，各家都有自己的优势。,随着正版化趋势来临，视频播放器纷纷转型在线网站，竞争点不再是产品，而成了资源。拥有一个视频网站会员，找资源方便了很多，也不需要另外下载播放器，直接在线就能观看。但即便是这样，本地播放器还是有着诸多优势，你的电脑上依然需要一个好用的播放器。,视频网站的清晰度大多只支持到 1080P，并且需要会员，而手机、电脑的屏幕都已经 2K 以上了。对于追求画质的用户，还是要下载高清资源才看得爽。系统自带的播放器往往功能简单，格式支持不够，所以你需要一个能支持常见格式的本地播放器才行。,Windows 端用 QQ 影音就能满足大部分需求，Mac 端推荐 ,（售价 30 元），Android 手机推荐 ,，iPhone 推荐 ,（有免费版，还有普通版 30 元，专业版 60 元）。,本地播放器对看美剧、日漫的用户更加重要，主要原因就是支持外挂字幕。有一部分国外影视剧的版权已经被购买，但官方字幕的质量无法满足资深粉丝。民间团队制作的字幕不管是特效，还是各种冷门知识的注解，都十分详细。官方字幕一般都是纯中文，翻译错误也很难察觉，相比之下中英字幕更好用。字幕组能够一直存在下来，还是有其独特价值的。,本地播放器一般都支持常见的字幕格式，并且能够调整显示位置、时间轴等。支持在线字幕的话更方便，可惜的是新版 QQ 影音取消了在线字幕功能。Windows 平台选择较多，比如,、,。Mac 端支持在线字幕的播放器不多，同样推荐迅雷影音。如果需要外挂字幕，推荐这个网站：,现在短视频非常流行，很多内容都来自影视剧。如果你看到一些有趣的片段，能直接保存下来是最好了。手机端的好多播放器都支持 GIF 制作，不过电脑端还是本地播放器更好用。截图、截 GIF 图、截取片段，都很方便。QQ 影音可以满足这些需求，并且操作简单。,
      ,
      ,下载的视频质量往往参差不齐，画面太暗，所以好多本地播放器都内置了画质增强功能。关于这个功能有所争议，和音乐播放器的音效一样，有人认为这些额外的设置破坏了原本的美感，有人认为确实能提升观看体验。QQ 影音保留了画面调整的功能，不过去掉了一键画质增强的按钮，改为默认、明亮、柔和三种模式。,本地播放器的优势还有很多，更专业的用户还会在意音轨、解码等功能，不过对于普通用户来说，只要用好了上面提的几个基本功能，就能获得不错的视频体验。,之前的版本中，QQ 影音还增加过一个「推荐」按钮，为腾讯视频引流，不过 4.0 版本中已经去掉，QQ 影音依然保持了纯净、无广告。QQ 影音在十周年的节点突然推出更新，可能主要还是出于「情怀」考虑，为那些还在坚守的老用户提升体验。虽然视频网站已经满足了大部分观看需求，但我们还是需要在电脑上准备一个简单好用的视频播放器。",有了视频会员，我们为什么还需要一个本地播放器？ 
贾伯斯龙,,2018/12/28,,"不跟随的外观、全面的体验，O-Free 是一款堪称精品的真无线耳机。,随着越来越多的手机选择砍掉 3.5 毫米耳机插孔，蓝牙无线耳机从一个相对小众的产品门类迅速成为了很多消费者的刚需。在各种形态的蓝牙无线耳机中，左右耳之间没有线缆连接的真无线耳机又凭借着更加便利性上的优势，成为了不少消费者优先考虑的产品。,OPPO O-Free 采用了类似 Find X 的 3D 渐变配色，在众多「借鉴」 AirPods 的真无线耳机中有着很高的辨识度，半入耳设计和 6.2 克的单耳重量让 O-Free 有着不错的佩戴感受。,O-Free 的另外一大亮点是首发了高通的 QCC3026 蓝牙音频芯片，这让 O-Free 在左右耳连接稳定性、功耗、延迟等方面相比市面上大多数真无线耳机有着先天的优势。同样得益于这颗芯片，O-Free 还是市面上不多的几款支持 aptX 的真无线耳机之一，配合支持 aptX 的手机可以提供更好的声音品质。,放在当前的真无线耳机市场，O-Free 在外观、佩戴、音质、功能、稳定性等方面都达到了行业的一流水准，699 元的定价还有着出色的性价比。",极客之选年度评选丨年度真无线耳机：OPPO O-Free
Rubberso,,2018/12/28,,"把瓦楞纸和游戏结合到一起，这样的创意地球上恐怕只有任天堂想得出来。,今年的主机游戏领域有些无聊，三大主机厂商都没有更迭自己的硬件设备，只是推出了几款复古游戏机去「贩卖情怀」。在这样的情况下，任天堂 Labo 这款游戏周边的出现确实让我们眼前一亮。,和传统的游戏周边设备相比，任天堂 Labo 可以说非常另类——Labo 本体包括一些印有图案的硬纸板和连接纸板的小部件，需要玩家亲自去组装，它并没有电子、机械组件部分。,通过充分运用 Switch 游戏机的各项功能，普通的纸板「摇身一变」成为可互动的鱼竿、钢琴、机器人等玩具，在此基础上你还可以进一步 DIY，为 Labo 增加更多的个人色彩。,Labo 发售后，极客之选也在第一时间购买了一套进行体验（Robot Kit）。在整体拼装过程中，除了纸板、绳子、卡扣之外，Labo 没有使用任何胶水当作粘合剂，很多地方都是用类似榫卯的方式固定在一起，在拼装过程中我们有好几次都是拼着拼着发现前后衔接中的巧妙构思，发出「Wow」的称赞。,在全球范围内，Labo 也掀起了一股「纸盒创意浪潮」，遍及全球的无数「民间高手」在 Labo 的基础上开发出了各种各样的功能，为我们展现了无限的创造力。极客之选也特别写了一篇文章进行报道，大家可以,。,任天堂从来都不缺少创意，但 Labo 的出现还是让我们再一次给任天堂的开发部门竖起了大拇指。更重要的是，Labo 并不是一个一成不变的玩具，不论是任天堂还是广大玩家都在不断挖掘它可能性，围绕它创造更多的玩法。这也是为什么极客之选愿意把「年度游戏周边」这个奖项颁给任天堂 Labo。,不论是「童心未泯」的大孩子自己买来玩，还是送给对世界充满好奇的小朋友，相信这样一款创意十足「硬盒」游戏周边都不会让人失望。",极客之选年度评选丨年度游戏周边：任天堂 Labo
宋德胜,,2018/12/28,,"所有关于皮克斯的故事，都会追溯到一个原点，Ed Catmull。,「还有这个，巴斯光年，这是最酷的玩具。」出发上大学之前，安迪把一整箱的玩具都送给了邦尼。可当他从箱子里掏出牛仔胡迪的时候，他犹豫了。,「打我记事开始，胡迪就是我的好伙伴。它勇敢，就像牛仔一样，善良，聪明，但它真正特别的地方，是它从来不会放弃你。不论如何，它永远都会那儿支持着你。」,《玩具总动员 3》上映时，影院里的观众哭得像群孩子，他们已经分不清这话说的究竟是胡迪，还是皮克斯自己。,从《玩具总动员》上映开始，皮克斯已经收获了十九座奥斯卡奖杯。除此以外，还有二百多个奖项，二百多个提名，每每人们聊起当下最成功的动画工作室时，皮克斯不仅是一个绕不开的名字，很大程度上，它就是「最成功」本身。,我们同样也绕不开那些皮克斯讲过的故事。超人一家的家长里短，麦昆和板牙的风驰电掣，尼莫和多莉的海底世界，瓦力和伊娃的太空漫游……哦，对了，你一定记得，《怪兽电力公司》里，头号吓人怪兽萨利文面对人类孩子时笨拙的温柔与善良，《飞屋环游记》里，没来得及和老伴儿一起去世界尽头的卡尔，还有《寻梦环游记》里，最终在冥界相遇的白发老人可可，和她尚未被遗忘的黑发爸爸埃克托。,你一定记得这些故事，你一定忘不了过去这么些年里，皮克斯在银幕前带给你的无数感动。,可你又是否知道，为了让怪物萨利文的 2320413 根毛发看起来栩栩如生，皮克斯如何突破了数量的限制和阴影的投射技术？你是否知道，为了让卡尔的房子飞起来，皮克斯如何完美解决了 CG 世界的重力问题？你是否知道，换了导演的皮克斯如何把《玩具总动员》的故事讲得一个比一个精彩？你是否知道，技术公司出身的皮克斯，如何变成了一家动画工作室，又是如何在引领行业技术革新的二十多年后，成为了一家因欢乐和感动为人们所铭记的创新公司？,所有关于皮克斯的故事，都会追溯到一个原点，Ed Catmull，改变动画行业的技术先驱，创新组织皮克斯和迪士尼动画的掌门人，陪伴皮克斯最久的创始人。,2019 年，Ed Catmull 将正式从皮克斯和迪士尼退休。在那之前，他将来到极客公园创新大会的舞台，首次和中国观众分享他和皮克斯近三十年的创新故事。,在 ,，你将从这个站在技术和艺术交叉口的人那里，听到你想知道的，,。,责任编辑：克里斯",皮克斯，Ed Catmull，和每个人的童年 | IF 2019 封面故事
哲铭,,2018/12/28,,"「我们认为整个市场已经是一种过热状态……它的脆弱性是超过你的想象的。」,今年 10 月，在线教育平台「学霸 1 对 1」被曝突然停课，陷入财务危机。「学霸君 1 对 1」的家长群里也开始躁动起来，有家长十分恐慌地询问是不是受骗了，将来还能不能上课。,相似的名字正挑战着学霸君五年来逐步建立的线上教育信任感。自
 2012 年成立，以拍照搜题起家的学霸君在经历了在线教育直播产品不二课堂、君君辅导等变形后，蜕化出稳定的 C 
端产品——中小学生在线一对一辅导品牌学霸君 1 对 1。越来越多的家长开始接受在线辅导的形式，学霸君 1 对 1的月流水从 0 
增长到破亿，预计今年营收将超过 10 亿。,那一个月，主打 1 对 1 
辅导的公司都要自证清白：「暴雷」是每个行业发展都会发生的正常现象，并不是 1 对 1 模式的问题。学霸君 CEO 
张凯磊说：「我们认为整个市场已经是一种过热状态。坦率地讲，这件事也在意料之外，因为我们觉得可能会再等一等，但突然就暴了。这说明它的脆弱性是超过你的想象的。」,学霸君已经调整。9 月 6 日，在学霸君的战略会议上张凯磊提出「要从竭力狂奔变为筑高墙」。他口中的「竭力狂奔」指是追求高 GMV（Gross Merchandise Volume, 网站成交金额），「筑高墙」是指建立起技术、业务、师资这三个壁垒。,「我们发现不能一味追求高 GMV，杠杆做太足就会出现问题。所以现在我们已经作出调整，使技术、业务和师资三者共同作用，形成循环。业务指的是从客户那里发现需求，用技术实现需求，最后用教学去交付需求。」张凯磊解释说。,构建技术壁垒不难理解。学霸君被广为报道的一件事是高考机器人
 Aidam 应战全国卷二文科数学卷, 只花了不到 10 分钟就取得 134 分的成绩。另外，以拍照搜题起家，学霸君智能题库已包含 
9000+万题目。不仅如此，从 2015 年左右学霸君便已开始自研系统，学生和老师上课的所有系统，比如音视频服务的系统, 
以及老师与学生实时互动的监控系统都由其自主研发。,但升级技术要从需求出发，而非是为了贴上人工智能的标签，或是赶技术噱头。技术是为了更好的实现客户需求，张凯磊相信教育本质上是服务行业，做教育的公司并不是科技公司或是互联网企业。之所以选择自己研发系统，也是为了让上课的质量得到最大保障。,这也是张凯磊认为目前学霸君的优势所在：「我们非常在意教学。所以，我们的技术底子打得也比较好，一直以来能够不停地开发出来系统满足我们业务的需要。」,这三个壁垒中，教师是扣起闭环的最后一环，也是最大的挑战。今年教育部根据国务院印发的《关于规范校外培训机构发展的意见》发布了《教育部办公厅关于切实做好校外培训机构专项治理整改工作的通知》，其中一条规定，「从事语文、数学、英语及物理、化学、生物等学科知识类培训的教师应具有相应教师资格。」,「教育资格证，可能会导致很多非常有能力教学的老师需要重新去考试。然而，考试的话就有很大的不确定性。」但有了硬性规定，张凯磊只能给这些教师开「考试假」，让他们尽快取得资格证，再持证上岗。据他介绍，目前学霸君正在通过一些渠道大规模招聘教师，但淘汰率较高。并且，学霸君已经开始自建一套体系，用于专门的教师招聘。,等到壁垒建立完后，剩下的事就是等待市场成熟。,在 1 对 1 品类里，各家都确定了分割市场的不同发展路径。学霸君确立了「三位一体」来建立壁垒战略；掌门 1 对 1 进行品牌升级，不仅关注应试教育所需要的辅导还开始关注音乐陪练；三好网从一开始就成立了教师帮俱乐部，为培训老师做好了资源池。,但线上教育的渗透率并不乐观。何强曾对极客公园说，「我们之前有个调查，整个线上教育对行业的渗透率还不到
 1%，在教师端的渗透还不到 10%。」在线教育企业 iTutorGroup CEO 杨正大此前给出的数据中，在线教育的渗透率仅为 3%，还有 
97% 的人无法通过互联网享受在线教育的便利。,而 iiMedia Research(艾媒咨询) 给出的数据显示，预计 2018 年 K12 在线教育市场用户规模达 1968.9 万人，渗透率达 11.6%。其分析师给予的评价分析仍然是我国 K12 在线教育用户渗透率较低，市场仍有较大发展空间。,「线上教育迎来真正的爆发还需要『等』，等
 80 
后家长的孩子步入初中再步入高中带来的机会。」张凯磊搬出了后台数据，「明显可以看到的是，我们的小学的家长试听率有百分之二十几接近百分之三十，初中的只有百分之十几，高中只百分之几。小学家长还是筛选了四年级以上的人数，80
 后就是愿意尝试一下。我们现在已经看到几倍这种差距了。」,根据 Analysys 易观发布的《中国互联网教育市场趋势预测 2018-2020》显示,2017 年中国互联网教育市场规模达到 2502 亿元人民币, 同比增长 56.3%。预计 2020 年规模将达到 4293 亿元人民币。,等到市场和技术成熟后，学霸君或将尝试小班课来拉低成本。张凯磊认为，现在线上辅导的费用并不低，家长更偏向线下形式也有种出问题跑不了的心态。如果小班课能够实现将差不多水平的学生聚集在一个课堂，那不仅能降低家长消费成本，还能进一步解决师资短缺的问题，提高行业整体效率。,「但小班课的实现也需要市场的成熟。如果真正做到 3-4 个水平差不多的孩子聚集在一个课堂，我们至少需要 10 万名学生，因为中国的教育是被地域、教材分割开来，10 万是最少的基数。」张凯磊说，「所以现在我们也只剩下等了，那就和时间做朋友吧。」,扫描二维码详细了解 thinkplus 高效能方案",在今年最火的教育赛道上，一家公司的狂奔、筑墙，与耐心等待
张光辉,,2018/12/28,,"外交部回应特朗普考虑禁止美公司使用中兴华为设备；特斯拉在华组建融资租赁公司，注册资金 3000 万美元；富士康将在印度投资 3.56 亿美元，组装高端 iPhone；曝哈啰出行完成近 40 亿元新融资，正招募顺风车主；微博回应成都研发部门被裁：一直实行末位淘汰制；快手被曝海外业务换帅，回应：将增加海外业务人员和投资；马斯克：特斯拉超级充电站网络 2019 年将覆盖整个欧洲；B 站公布 2018 年度弹幕：「真实」「前方高能」「颜表立」排名前三；知乎正在测试一款短视频应用；字节跳动注册「抖音朋友」商标，或将推出社交软件；微软或将涉及 VR 领域：电磁身体套装专利通过；北京公租房上线人脸识别系统，为防止转租转借。,  ,「丁香医生」日前一篇有关「百亿保健帝国」天津权健集团涉嫌虚假宣传、传销等问题的文章引发各界关注。12 月 27 日下午，天津市委、市政府责成市市场监管委、市卫健委和武清区等相关部门成立联合调查组，进驻权健集团展开调查核实。目前，联合调查组已要求权健集团就反映的问题作出全面、如实说明，并致函「丁香医生」，希望其提供相关线索和证据，以利于核查工作尽快完成。国家市场监管总局相关负责人昨日也就该事件向记者表示，总局已经关注到网络舆情，相关业务司局正在了解情况，调查清楚事实后再进行下一步工作。,「百亿保健帝国权健」持续遭遇质疑，部分电商平台也开始下架权健按摩鞋垫、等离子磁卫生巾等全线商品。京东方面昨日表示，已将平台在售的所有「权健」相关商品下架。天猫、苏宁、唯品会平台上也无法找到权健商品。唯品会方面表示，从来没卖过权健的商品。苏宁页面上显示：「根据相关法律法规和政策，无法显示相关的商品。」拼多多表示，已关注到权健事件，先行屏蔽相关商品搜索及露出。,不过，截至昨日下午，在淘宝平台上，还有诸多卖家正在销售权健商品，并且昨日依然有评价记录在产生。阿里巴巴方面向澎湃新闻表示，「我们高度重视，正在等待总局的调查结果。」今日早间，淘宝平台已无法搜索到相关商品。（来源：澎湃新闻、天津日报、新京报）,路透社昨日引述消息人士的话报道称，白宫最早 1 月可能发行政令，宣布国家紧急状态，从而禁止美国公司使用中国华为和中兴通讯生产的电信设备。,在昨日的外交部记者会上，有记者就此提问，外交部发言人华春莹表示：「你说的是还未经证实的消息，我不想对这类未经证实的消息正式发表评论。但的确近一个时期以来，这方面的议论很多...... 安全问题最好用事实来说话。个别国家在没有任何证据的情况下，滥用国家安全的名义，以莫须有的罪名将正常科技交流合作活动政治化，对中方企业正常经营活动设置种种障碍和限制，这实际上无异于自我关闭通向开放的大门、进步的大门和公平的大门。」（来源：路透、外交部）,  ,12 月 27 日，全国企业信用信息系统显示，特斯拉已经于 2018 年 12 月 19 日在上海自贸区注册「特斯拉融资租赁（中国）有限公司」，注册资本 3000 万美元，法定代表人、董事长为朱晓彤。从接近此事人士处获悉，该公司将落户陆家嘴金融城。陆家嘴一向是融资租赁行业的高地，汽车融资租赁方面，今年新落户了上汽通用汽车、福特汽车融资租赁公司。,特斯拉融资租赁（中国）有限公司的唯一股东是特斯拉香港有限公司，系全资子公司。据了解，该公司将立足上海并面向全国提供新能源及相关领域产品的融资租赁服务与支持，服务于特斯拉品牌。（来源：21 世纪经济报道）,路透社昨日披露称，富士康将于明年起在印度组装苹果最高端的手机，像是 iPhone X 系列，这将是富士康首度在印度组装苹果手机。富士康将投资 250 亿印度卢比（约 3.56 亿美元）在南部的泰米尔那都邦扩厂，预计可增加 2 万 5 千个工作。,据悉，富士康目前已在印度替小米生产手机。鸿海集团从年中就开始传出将在印度规划新厂，有分析指其目的是为了分散中美贸易摩擦所可能造成的风险。对此，鸿海仅表示，一向不评论任何有关既有及潜在客户、产品、供应链伙伴的市场传言。（来源：联合新闻网、ETtoday）,华为轮值董事长郭平 27 日发布题为《不经艰难困苦，何来玉汝于成》的 2019 年新年致辞。他在致辞中透露，2018 年，华为公司预计实现销售收入 1085 亿美元，同比增长 21%。,郭平称，华为和全球领先运营商签定了 26 个 5G 商用合同，10000 多个 5G 基站已发往世界各地；全球 160 多个城市、世界 500 强企业中的 211 家，选择华为作为其数字化转型的伙伴；智能手机出货量超过 2 亿台。郭平称，华为一直保持着很好的网络安全记录，华为过去没有、未来也不会成为网络安全的威胁。他也表达了对一些国家拒绝华为参与 5G 竞标的看法，「没有华为参与的某些 5G 市场，就像是没有球星的 NBA 比赛，打不出最高技术水平。」（来源：中新社）,  ,昨日消息，据接近哈啰投资方的知情人士向界面新闻透露，今年 9 月左右，哈啰出行完成新一轮融资，由春华资本、蚂蚁金服联合领投，老股东继续跟投，春华资本的投资额超过蚂蚁金服，此轮融资额在 40 亿元人民币左右。哈啰出行官方宣布的融资停留在去年年底，系 10 亿元人民币的 D2 轮融资，由复星领投，GGV 纪源资本等跟投。,同日，哈啰出行 APP 显示，正在招募顺风车主。这是哈啰出行接入嘀嗒出行、首汽约车等平台出租车与专车业务后的又一动作，至此哈啰出行已拥有共享单车、共享助力车、网约出租车、专车、顺风车、共享汽车等业务。（来源：界面、新京报）,昨日有爆料称，新浪微博成都部门全体被裁员。在「脉脉」上，有人称被全体裁员的是研发部门。而在评论中，有认证的新浪微博员工确认此事，称一直播团队有 3 分之 1 员工被裁，微博北京总部明年初会被波及。,对此，新浪微博方面对媒体回应称，传言与事实不符，同时新浪表示公司一直有推行末位淘汰机制。（来源：AI 财经社）,在昨日下午举行的国务院新闻办公室新闻发布会上，中国卫星导航系统管理办公室主任、北斗卫星导航系统新闻发言人冉承其宣布：北斗三号基本系统完成建设，于昨日开始提供全球服务。这标志着北斗系统服务范围由区域扩展为全球，北斗系统正式迈入全球时代。,据介绍，北斗系统是中国自主建设、独立运行，与世界其他卫星导航系统兼容共用的全球卫星导航系统，可在全球范围，全天候、全天时，为各类用户提供高精度、高可靠的定位、导航、授时服务。（来源：新华网）,有媒体昨日报道称，快手海外部正进行大幅调整，海外业务负责人、CGO 刘新华已于 12 月初离职。快手方面对于刘新华离职消息并未直接回应，只表示「海外市场对快手具有重大的战略意义，目前海外业务刚刚起步，接下来还要持续大力增加投资，增加人员。」,据悉，刘新华原为字节跳动国际业务总裁，2017 年 8 月出任快手，负责海外业务。快手对海外市场较为重视，快手 CEO 宿华曾表示，快手希望在 2018 年能全球化。（来源：新浪科技）,特斯拉 CEO 伊隆·马斯克昨日在 Twitter 上透露，特斯拉正计划拓展其 Supercharger 超级充电站网络，争取明年覆盖「整个欧洲」。,在 Twitter 上，有一条推文称，爱尔兰的一些地区非常需要 Supercharger 超级充电站。马斯克回应这条推文说，特斯拉的 Supercharger 超级充电站网络在明年将覆盖整个欧洲，「包括从爱尔兰到基辅 (乌克兰)，从挪威到土耳其。」（来源：腾讯科技）,哔哩哔哩（B 站）昨日联合中国社会科学院共同发布了 2018 年度十大弹幕热词。依据 2018 年弹幕发送数量进行排序，「真实」称年度弹幕之首，「前方高等」、「颜表立」跻身前三。,据了解，2018 年，B 站用户共计发送了超过 10 亿条弹幕，「真实」出现了 47.7065 万次。（来源：快科技）,  ,苹果于 2018 年 3 月申请了一项可折叠手机专利，美国专利商标局于近日予以了公布。该专利表明，苹果正在想方设法打造可折叠 iPhone。,为了制造出能够承受多重弯曲的屏幕，苹果发明了一种涂层，这种涂层将聚合物和颜料片结合在一起。一旦应用到 OLED 面板上 (通过喷涂、浸泡，甚或打印)，涂层就会变成一种保护层，可以轻松弯折和旋转而不会开裂或磨损。有趣的是，苹果的专利显示了一种既可以朝内折叠又可以朝外折叠的设备。（来源：腾讯科技）,当地时间周四，当一些用户登录 Instagram 的时候发现他们图片的垂直滚动功能消失。实际上这是这家社交网络公司正在考虑的改变的一部分，它将放弃掉上下滑动转而采用从一侧滚动到另外一侧或通过在 feed 中点击查看的方式。,对此，Instagram 负责人 Adam Mosseri 发推文解释称，这项测试本来只是一个非常小范围的测试，他们并没有打算在那么多的用户中展开测试，对此他们感到抱歉。（来源：cnBeta）,知乎在收缩短视频人员的同时，也「刚刚开始针对少量种子用户」内测一款名为即影的短视频 app。据称，这款应用关注社交，鼓励用户在微信上进行分享。,知乎方面回应称，有创新团队尝试各种创新业务和产品，目前还在内测阶段，尚未正式发布。据报道，短视频是被知乎精简的业务部门之一，原本五六十人的团队被裁掉了一半，剩下的人与社区其他产品团队合并。（来源：动点科技）,昨日消息，「今日头条」母公司字节跳动于 12 月 4 日提交了一份名为「抖音朋友」的商标申请。该商标类型为社交、法律服务类，目前处于「申请收文」状态。,媒体推测，该商标可能被用于推出社交软件。日前，字节跳动的招聘信息上出现了「社交产品经理」的招聘信息。（来源：Bianews）,  ,微软已经申请了一种新型的磁性身体套装专利，以提高 VR 会话的沉浸感。该设备被描述为柔性磁致动器，将使用两层柔性磁体（例如编织成布的磁体）组合而成，其中吸引力可在层之间动态改变（例如，通过电磁体），允许控制器选择性地增加或减少摩擦。,微软设想在关节上使用促动机装置，例如肘部和手指部位，这样可以让用户在触摸或遇到虚拟物体时限制他们的真实运动。（来源：cnBeta）,  ,记者 27 日从北京市保障性住房建设投资中心了解到，北京市公租房的人脸识别系统日前正式上线运行，部分公租房住户开始「刷脸」进出社区和单元楼门。人脸识别系统既可以确保住户安全，也可以防止转租转借、确保社会资源公平利用。预计到 2019 年 6 月底，人脸识别系统将覆盖所有已运营项目。,人脸识别系统将对进入小区的人员与已采集的租户人脸特征信息进行比对，以判断和分析进出人员是否为正常住户以及同住人员。目前在人脸识别系统后台的数据库里，已经采集租户及同住人面部信息 10 万余条。在启用该系统的社区，陌生面孔将会被拒之门外。（来源：新华社）,头图来源：视觉中国",天津联合调查组进驻权健集团，多个电商平台屏蔽下架其商品；华为今年营收预计增长 21% 达 1085 亿美元；北斗系统开始提供全球服务
豆腐店店长,,2018/12/28,,"众筹价只有 299 元，它会是年轻人的「第一款」电暖器吗？
,无论是南方还是北方，冬天可能都并不容易熬过去。尤其是晚上气温下降的时候，室内温度是否能够保持在一个相对合理的范围内，直接影响着我们的睡眠质量。最近，小米生态链上线了一款名为米家电暖器的产品，一起来了解下。,
      ,从官方介绍中我们了解到，米家电暖气是一款由小米和米家生态链企业智米科技共同研发的产品。和米家很多其它产品一样，其整体也采用了白色的机身配色，这也使得它能够适应大多数家庭的装修风格。,
      ,米家电暖器采用了支持快速拆卸的设计，你使用之前你需要先安装两个支架。从我们的实际上手来看，它的整个安装流程是比较简单的，将支架与机身底部接口对准之后，拧好螺丝就可以了。不过需要提醒的是，它的包装清单中并没有附带螺丝刀，你需要自己准备。,
      ,在日常生活中，油汀电暖器和对流式电暖器是我们比较常见的两种。其中油汀电暖器由于整体采用了密封结构设计，所以在使用过程中相对来讲也比较干净，但一个明显的缺点是预热时间太久。,
      
      ,米家电暖器采用了对流式设计。相比油汀电暖器，其不仅制热速度非常快，对于室内的湿度影响也很小。它的工作原理是通过众多的散热孔将热空气从机身内排出，加热屋内局部空气，让其与冷空气形成密度差，从而产生对流效果，来带动屋内空气循环加热。,在制热效果上，米家电暖器内置了铁铬合金发热丝，外部由 X 造型的合金散热片包裹。它不仅有着很高的热转化率，散热面积也足够大，从我们的实际体验来看，它的制热效果令人满意。,米家电暖器的控制按键均位于机身右侧。除了物理电源开关键，其它按键均为触控式操作。功能性方面，它一共设定了包括 20℃、22℃、24℃、26℃ 以及 32℃ 在内的五挡温度调节。另外，它也具备恒温功能，可以根据环境温度的变化来自动调节运行功率。,值得一提的是，除了物理按键，米家电暖器也和很多其它米家产品一样，支持通过 app 来完成远程操控，或者利用搭载小爱同学语音助手的智能音箱来进行控制。,
      
      
      
      
      
      ,其它方面，米家电暖器支持 IPX4 级别防水，同时内部也做了有利于排除积水的通路设计。理论上，即使你把它放到浴室里使用也是没啥问题的。另外大家比较关注的安全防护上，它内置有倾倒断电开关以及过热保护传感器，一旦机身倾斜角度超过 45℃或者内部温度超过 95℃，可以自动切断电源。,最后，米家电暖器目前尚处于众筹阶段，众筹价为 299 元，零售价为 349 元，最近有想要入手电暖器的朋友可以关注下。",想要在冬天的夜晚睡得更暖和？这款米家电暖器或许可以帮到你
早优夫斯基,,2018/12/28,,"今天阿拉丁发布了小游戏行业首份年度报告，而根据预测 2019年小游戏日活或将突破1.8亿。,去年的今天，微信通过旗下「微信派」、「微信公开课」等多个公众号宣布上线「小游戏」，同时在更新微信 iOS 6.6.1 版本后，APP 开屏也变为指引用户试玩「跳一跳」的页面，小游戏正式上线。这成为了微信的一份年终大礼。而极客公园也在第一时间发布了关于小游戏的深度解读《微信「小游戏」来了！极客公园深度解读小程序年度压轴大招》。, ,在不久后的 2018 微信公开课 PRO 上，微信第一次公开了小游戏的数据——累计用户 3.1 亿，其中「跳一跳」的 DAU 更是超过了 1 亿，而这时候距离小游戏正式上线仅仅过了 18 天。火爆，这是小游戏 2018 年的登场姿态。, ,而时间走过一年，阿拉丁在小游戏的一周年发布了小游戏行业的首份年度报告，关于小游戏这一年的起伏，或许从这份数据报告中我们能够看得更清楚。, , ,小游戏在今年处于高速发展的阶段，它的另一隐藏成果便是推动微信支付的发展。一些位于三四线城市的小游戏玩家因为道具内购，完成绑卡，在随后的电商小程序里购物时，快速决定下单购买。微信底层架构的完善推动着小游戏的发展，与此同时，小游戏的快速前进也在反哺微信各环节的成长。, ,而随着大量微信小游戏涌现，小游戏被分散在微信平台的各个角落，同时大多数用户缺乏获取小游戏的渠道，也没有养成使用习惯，此时游戏盒子应运而生。游戏盒子中心化的流量分发与微信做小程序的去中心化是相违背的，所以目前腾讯从八月起频频出台政策来限制游戏盒子的发展。, ,从微信已经透露的消息来看，小游戏品质化、品牌化将会成为下一阶段的核心。今年微信公开课 pro 上，微信也大概率将会推出一系列新的扶持政策来帮助小游戏的创新和品质化。, ,根据阿拉丁的数据统计，截至 2018 年 12 月 31 日，小游戏数量增至 7000+ ，小游戏在 2018 年迎来了爆发式的增长。利用微信的社交关系裂变开始疯狂的裂变拉新，在小游戏的助推之下，微信小程序的生态活跃度和用户数开始大幅增长。但同时，小游戏的这种火热也逐渐开始出现失控的迹象。很多小游戏的群分享开始影响整体小程序的体验，甚至微信本身的使用，于是微信很快出台一系列政策保护原创开发者的权益，如代码侵权和原创保护，制定一系列规则来防范相关乱像的发生，如分享滥用。尝试用这些举措，去引导小游戏朝合理有序的方向发展。,在中国移动游戏市场中，APP 游戏主导行业，其中腾讯和网易两个巨头公司占据了其中 70% 左右的市场份额，在经历了高速发展阶段后，市场逐步进入成熟期，市场格局也越来越稳定。小游戏经历了近一年的发展，市场依然没有出现巨头公司，以中小型的游戏开发公司为主，整体行业处于群雄涿鹿的激烈竞争中，处于市场相对头部的豪腾嘉科、爱微游等厂商合计也只占到小游戏市场 20% 左右的份额。,而一个值得注意的点是——根据阿拉丁的统计，小游戏女性用户的比例明显高于男性。这不同于端游和手游，由于小游戏目前大多偏中轻度，且玩法简单易上手，更适合女性用户。同理，40 岁以上用户占比中小游戏明显高于 APP，说明对于中老年用户来说，更喜爱玩小游戏。,而从城市和地域的角度去看，四线城市的小游戏用户最多，占比 33.4%，而 APP 游戏一线城市用户最多，小游戏城市下沉明显。, , ,从 2018 年小游戏用户的日人均打开次数来看，12 月人均打开次数达到 6.39 次，相比 1 月份的 4.27 次上升了近 50%，而全年呈现稳中有升的走势，说明随着小游戏数量和类型的增加，人们在业余时间使用小游戏的频率也在不断提高。,从 2018 年小游戏用户的人均每天使用时长来看，从 1 月平均每天的 5.29 分钟到 12 月的 17.36 分钟，上升了 228%，用户每天花在小游戏上的时间越来越长，一方面是由于小游戏的品类越来越多，精品游戏不断涌现，另一方面，中重度游戏的数量也在不断增加，这类游戏通常会消耗大量的用户时长。,小游戏目前看上去仍是一个方兴未艾的市场，但同样有一个点很难去忽略——产品的生命周期。, ,因为本身的特性所限制，无论是什么样的游戏，都有着明显的且无法避免的生命周期，这也是为什么马太效应在游戏领域很难发挥作用的原因。而当主体变成轻量化且简单的小游戏时，这种缺陷就变得更加明显。就算再火的小游戏，其生命周期都不会太长，且碍于本身大小和功能性上的限制，小游戏也很难依靠游戏内容本身来提供租足够长久的用户粘性。想要真正成为一个长久可持续的流量平台，小游戏还有很多要做的。, ,而根据微信官方的消息，今年的公开课微信将会推出一系列能力与支持政策，来贯彻小游戏创意鼓励计划，让创意成为小游戏的品牌; 并且会尝试重新定义小游戏，告诉大家小游戏不止是游戏，更可以是新闻样本、可以是工具、可以是优质内容，甚至可以是一种善意的传递。或许今年的公开课上微信将会对让我们对小游戏有一个全新的认识。,",1 亿用户和 60 亿元市场，小游戏的 2018 我们还能看到些什么？
极客之选的小伙伴们,,2018/12/28,,"今年 CES 极客之选将继续派出报道团队亲临现场，为大家带来第一手的高质量报道。而对于同样参加 CES 的创业者、科技爱好者来说，我们以希望通过这份「攻略」帮助大家更加高效地看展。,科技领域的年度盛会 CES 就要来了，各位行动派已经做好准备了吗？,根据官方介绍，本次 CES2019 会迎来超过 4400 家参展商，超过 1000 位演讲者，预计参展人数达 18 万人，整体规模相比去年又上升了一个台阶。与此同时，CES2019 的展会区域也将继续扩大规模，除了 Tech East、Tech West 和 Tech South 三大核心区域之外，更多的周边酒店和会议场所也将囊括进来。,今年 CES 极客之选将继续派出报道团队亲临现场，为大家带来第一手的高质量报道。与此同时，为了帮助大家进一步筛选 CES 值得关注的亮点，极客之选经过最近一段时间的信息收集、整理，帮助大家汇总了本次 CES 不容错过的 30 家科技创新公司，并制作了次份「焦点 30」榜单，希望能让大家在逛展时「少走弯路」进一步提高逛展效率。,以下公司排名不分先后。如果你是参展商，想要和我们分享 CES 参展信息，欢迎联系邮箱：caoqi@geekpark.net。,www.google.com,Google 成立于 1998 年 9 月 4 日，是全球最大的搜索引擎公司，其业务包含互联网搜索、云计算、广告技术等。,去年 Google 阔别十年后重返 CES 展会，收获了极高的关注度，其户外展区和,也非常成功。根据公开信息显示，今年 Google 的户外展区面积更大，将会完整展示「Made by Google」硬件产品线。除此之外，谷歌还包下了 Aria 酒店的多间套房用于商务/技术交流，值得期待。,Central Plaza, LVCC/Aria Hospitality Suites,www.samsung.com/cn,凭借在电子领域的成功，三星（Samsung）已被公认为全球技术领先企业。其业务涉及电视、智能手机、可穿戴设备、平板电脑、数码电器、网络系统、存储、系统集成电路、半导体代工制造及 LED 解决方案等。,和索尼一样，三星也将在 CES 上公布更多 8K 落地设备的信息，同时三星的 Frame、Serif 系列电视,（包括增加 QLED 技术、Bixby 语音助手等）。另外，如果你想寻找一些「脑洞大开」的产品，一定别忘了去三星的创意实验室（C-Lab）看看。,三星主题演讲。1 月 7 日，2:00 – 2:45 PM，Mandalay Bay, Level 2, Mandalay Bay H。,#15006, Central Hall, LVCC（主展台）/#52102, Hall G, Sands（C-Lab）,www.sony.com.cn,索尼（Sony）公司是世界上民用及专业视听产品、游戏产品、通信产品、核心部件和信息技术等领域的先导之一。它在音乐、影视、电脑娱乐以及在线业务方面的成就也使其成为全球领先的电子和娱乐公司。,从展位设置和产品重磅程度来说，索尼都是每年 CES 最值得关注的公司之一。根据现有的信息来看，索尼将在 CES2019 上推出全新的 8K 产品线，继续探索视觉效果的极限。另外全新的手机（5G Xperia phone）、无线耳机和带有屏幕的智能音箱也将有可能亮相。,#5011, North Hall, LVCC（车联网）/#17300, Central Hall, LVCC（消费数码）,www.dji.com,DJI 大疆创新是全球领先的无人飞行器控制系统及无人机解决方案的研发及生产品牌，同时在手持影像系统与机器人教育领域均有卓越突破，以一流的技术产品重新定义了「中国制造」的创新内涵，成为了中国技术创新的一面旗帜。,无人机、手持影像与机器人教育产品展示。,#25602, South Hall 2, LVCC,www.lg.com/cn,LG 电子以其坚定自信的全球商业原则在世界市场起到重要作用。在全球范围内，LG 电子拥有超过 100 家当地分公司，大约 74,000 本地管理人员和员工。,LG 每年在 CES 的展位绝对不会缺少话题性，去年由 246 块屏幕组成的 OLED「大峡谷」吸引了不少人驻足观看。今年 CES 除了期待 LG 在展区视觉呈现上能够更进一步 ，同时还确定可以见到第二代 CineBeam 激光短焦投影机、HomeBrew 啤酒机、gram 17 和 gram 二合一笔记本等,亮相。,LG 主题演讲。1 月 7 日，8:00 AM – 8:45 AM，Mandalay Bay, Level 3, South Seas B。,#11100, Central Hall, LVCC,www.puppyrobot.com,广州小狗智能机器人技术有限公司拥有 puppy 和 Hachi 品牌，小狗机器人的 Slogan 是「AI To Space」，希望通过人工智能和机器人技术的研发和产品创新，带给人们基于智慧生活的全方位场景应用体验。,2018 年，小狗机器人先后推出了国内首款 AI 触控投影产品 puppy cube/cube s、家庭健康陪护机器人 puppy bingo，面向社区封闭环境的无人驾驶通勤车 puppy auto，以及面向社区安全的智能视觉解决方案 puppyhomey。,#20661, South Hall 1, LVCC",焦点 30 | CES2019 要来了，这些展商和活动值得你关注
张光辉,,2018/12/26,,"视频之外，YouTube Rewind 的确还原了有关 2018 的残酷真相。,YouTube 把 Justin Bieber 赶下了神坛。,Bieber 成名曲「Baby」的 MV 凭借 20 亿播放量在 YouTube 上积攒了九百多万个「踩」（dislike），牢坐最受讨厌视频的位置长达八年之久，但这并非一个不可超越的记录。只要八天，YouTube 官方上传的 2018 年度回顾视频 YouTube Rewind 2018 就收获了千万次「踩」，把「Baby」遥遥甩在身后。,这条名为「YouTube Rewind 2018: Everyone Controls Rewind」年度回顾视频，12 月 6 日经由 YouTube 官方账号「YouTube Spotlight」上传后，在不到一周的时间里，收获了 1 亿次的播放量。与此同时，这部视频也成为了 YouTube 上有史以来第一个突破千万次「踩」的视频。截至目前，视频已被近 1400 万人「怒踩」，仅 200 多万人点赞。,",真假 YouTube：视频里的虚伪，评论里的真实
刘丢丢,,2018/12/26,,"「马卡龙玩图」用 AI 把抠图做到了极致，还由此衍生出无数种有趣的玩法。,抠图可以说是很多非专业设计师的噩梦了。比较高阶的玩法是用通道抠图，需要专业软件、专业技术。后来很多工具都做了一键抠图的功能，用美图秀秀等照片编辑软件，甚至是 PPT，都能实现简单的抠图功能。最神奇的要数一个叫做「马卡龙玩图」的应用，它不仅用 AI 把抠图做到了极致，还由此衍生出无数种有趣的玩法。,就像「马卡龙玩图」这个名字一样，抠图在这里不光是一个工作，更是一种玩法。导入一张照片，软件会自动识别图中内容，将各种元素分离。最基础的是人物、背景，不过试着导入了其它一些图片，发现它还可以识别摩托、小鸟等物体，这应该是 AI 算法的功劳。经过实际使用，它识别人物和背景是没问题的，至于其它物体还不太准确。不过这不重要，大部分照片只需要分离人物和背景就可以了。,如果照片内容不是很乱，自动识别功能就能把背景分离。边缘细节可以进行手动选择，软件贴心地在左上角提供了放大预览，在手机上也能精确地涂抹。,人物和背景分离后，你可以对它们进行单独的处理。基本选项中有消除按钮，适合人群纷杂的照片。「大神，能帮我把旁边的人 P 掉吗？」有了马卡龙玩图，不用求别人了。,扣出的人像还可以进行复制，生成各种搞怪的表情图。之前类似的表情包都是一键生成，在马卡龙玩图中，你可以自定义人物的数量、大小。结合其它的换背景、贴纸等功能，玩法就更有趣了。,软件里面内置了很多有趣的背景选项，点击就能切换。不管你拍的原图多普通，换个背景就能让它焕然一新。仔细看会发现，有的特效是放在人物和背景中间的，看上去就像专业软件做的一样，效果有点像我们之前介绍的「防遮挡弹幕」。,把人物、背景等各种元素分离，然后单独处理，可以衍生出很多玩法。比如马赛克、模糊，这些效果可能用专业软件也能处理，但在马卡龙玩图中变得十分简单。,还可以单独给人物加滤镜、美颜。软件中的工具丰富，结合网友神奇的脑洞，就更是碰撞出了各种奇思妙想的创意。,马卡龙玩图的一个最新功能是动图处理。在滤镜、贴纸、背景中，有些特效是动态的，处理之后可以存储为图片、动图、视频等格式。,丰富有趣的玩法是马卡龙玩图的根基，他们最近也在尝试做社区。在首页，各种用户创作的内容组成信息流，中间的照相机按钮是制作工具。社区中已经有了各种主题玩法，还有教程指南，从内容类型来看还显得有些杂乱。不过在圣诞期间，从贴纸等小工具到社区的主题玩法，都在向节日靠拢，之前还有与开心麻花的合作。如果能在产品过硬的同时，找到持续的 UGC 创作路径，这个生态还是大有可为的。,前不久的苹果 App Store 年度评选中，马卡龙玩图成为中国区的获奖应用之一。他们把抠图这件事变成了一种玩法，强大的 AI 识别能力是基础，但有趣好玩才是他们能成功的原因。",把抠图变成一种玩法，这款 App Store 年度应用教你在线 P 图
贾伯斯龙,,2018/12/26,,"「魅眼全视屏」、后置 4800 万像素索尼 IMX586 传感器、麒麟 980、4000 毫安时，2999 元起售的荣耀 V20 有着不错的性价比。 ,从去年 4 季度开始，手机市场逐渐进入 5G 到来的红利「真空期」，用户换机周期变长，手机行业的整体销量开始往下走。,为了在这种不利的市场环境下争取更多的用户，今年很多手机厂商在产品上做了更多激进的尝试，令人惊艳的技术和产品层出不穷，让「压力山大」的 2018 反倒成为了手机行业创新的「大年」。,在众多的创新中，最具代表性的无疑是屏幕。今年年初，市场上最流行的还是屏幕上下留着「额头」和「下巴」的 18：9 比例的全面屏，之后变成了「刘海屏」，然后是切割区域更小的「水滴屏」和刚刚出现的打孔全面屏（包括盲孔和通孔方案），中间还夹着多款通过升降、滑盖、双屏等特殊设计实现的「真·全面屏」。,面对即将到来的 2019 年，除了几个「家底」厚实的「大厂」在 5G 上囤积重兵，希望在下一代移动通信网络到来的时候有一番大作为，手机厂商在屏幕、拍照、性能等几个「传统」领域的创新也没有放松，打孔全面屏、4800 万像素相机传感器、TOF、7 纳米芯片等相继出现。,荣耀 V20 就是一款兼具了这些最新特性的手机，不过 2999 元起的定价又让它在拥有「未来感」的同时，还落在了不少主流用户考虑的价格区间内。,在本篇文章中，我们就从荣耀 V20 上几个特别值得关注的点出发，一起看一下这款荣耀手机的年底旗舰。,在本月早些时候的技术沟通会上，荣耀就宣布了 V20 将采用屏幕左上角打盲孔的「魅眼全视屏」方案，所以 V20 的屏幕设计应该不会让太多人意外。不过使用「盲孔」全面屏到底是什么体验呢？和市面上已有的「刘海屏」、「水滴屏」相比如何？,从理论效果上看，我们认为，「魅眼全视屏」是一个比「刘海屏」、「水滴屏」更好的方案，具体原因有两个。,第一是切割掉的区域小。,荣耀 V20 采用了盲孔技术，前置摄像头模组位于 LCD 面板内，摄像头上方的 LCD 区域做了透光处理以允许光线通过，LCD 本身并没有挖孔。,相比三星 A8s 上采用的直接将 LCD 区域打穿的通孔方案，盲孔可以将挖孔做到更小。根据官方的数据，荣耀 V20 的孔径为 4.5 毫米，从「切割掉的显示面积」这一点上看，荣耀 V20 要远小于「刘海屏」，稍小于「水滴屏」。,第二是对日常使用的影响更小。,只要不是像 Pixel 3 XL 那样把「刘海」搞得如此巨大，「刘海屏」、「水滴屏」在正常的竖屏使用中基本也没什么影响，不过在横屏玩游戏或者看视频时，「刘海屏」、「水滴屏」少的那块区域多多少少还是会有点烦人。,在这方面，「魅眼全视屏」的盲孔方案会好一些，原因是在横屏使用时，大拇指会自然地盖住这个盲孔区域，特别是在玩刺激战场等需要双手操作的游戏时。,在日常的竖屏使用中，状态栏左侧的图标会顺延着往右边移了一点，同时由于状态栏要覆盖盲孔区域，因此荣耀 V20 的状态栏要比非打孔的荣耀手机（比如上图中的 Magic 2）稍宽一点点。,需要说明的是，以上这两点是基于「魅眼全视屏」的理论效果，实际用下来可能就不太一样了。,就我个人来说，刚开始使用盲孔屏的感觉让我想起了 iPhone X 的「刘海」。「刘海」从图片上看很奇怪，刚开始用的时候也很奇怪，不过用上几天后，就慢慢适应了这种感觉，不会再特别留意「刘海」了。盲孔也是，使用的第一天感觉有点别扭，总是会下意识地去看左上角的那个小洞，但到第二天第三天的时候，基本也就习惯过来了。,至于显示效果，荣耀 V20 的这块 6.4 英寸 FHD+（2310x1080）的 LCD 则是一个比较常规的水准。如果你喜欢 LCD 面板，或者眼睛对 OLED 低亮度下的调光方式有些敏感，荣耀 V20 是高配手机里不多的几个选项之一了。,玻璃后盖是今年智能手机的主流，荣耀 V20 也是如此，用上了今年中高端手机里最常见的 4 曲面 3D 热弯玻璃。,我们手上这部是幻影红配色，大红色的后盖四周加了黑色的渐变处理，不过大家肯定也注意到了，这个后盖最特别的地方无疑是 V 型纹路了。,根据荣耀的说法，这个设计的来源是「希腊神话中萨摩色雷斯胜利女神的那对极具视觉冲击力的翅膀」，实际看上去是很多个 V 型纹路叠在后盖玻璃上，对着光线可以看到一种「流动」的感觉。,多说无益，我们从不同的角度拍摄了多张荣耀 V20 幻影红后盖的真机图，大家感受一下。,荣耀 V20 提供了 5 种配色可选，包含魅海蓝、魅丽红、幻夜黑三个普通版和幻影蓝、幻影红两个尊享版，均采用了 V 型纹路。不过如果你购买的是尊享版，还可以在系统中看到两张特殊的壁纸。,在 V20 上，荣耀选择了和意大利奢侈品品牌 MOSCHINO 进行合作，以泰迪熊和双问号这两个 MOSCHINO 最经典标志为主题，配合粗体的 MOSCHINO 字母，为尊享版幻影蓝和幻影红设计了两张专属的壁纸。,除了率先采用的「盲孔」方案打孔屏，荣耀 V20 的相机也颇具看点。,V20 的前置相机达到了 2500 万像素，不出意外应该还是那颗 IMX576，并没有因为盲孔屏设计导致缩水，可以提供不错的自拍品质，人脸识别也继续得以保留。,不过 V20 相机的最大看点还是后面，它的后置摄像头采用了全新的索尼 IMX586 传感器，并且加入了 TOF 模组。,IMX586 是索尼在今年 7 月份发布的一颗针对手机的高端传感器。它的尺寸达到了 1/2.0 英寸，即便是考虑到「英寸」长度定义的不同（之前的手机传感器是 1 英寸等于 18 毫米，IMX586 上改成了和类似相机传感器的 16 毫米），IMX586 也要稍大于之前的「大底」IMX380，明显大于今年国产中高端手机里常见的 IMX363。,此外，IMX586 的像素达到了 4800 万，单像素 0.8 微米，凭借 Quad Bayer 排列设计，IMX586 还可以将四颗像素融合输出 1200 万像素、单像素高达 1.6 微米的照片。在传感器面积受限的情况下，这种 Quad Bayer 设计成为了不少高端手机传感器和 GH5s 等一些小尺寸传感器相机平衡像素和单像素感光能力的选择。,针对 IMX586 的高像素，荣耀为 V20 开发了一个「超清模式」，通过使用麒麟 980 的双 NPU 来进一步优化照片，提供细节更加丰富的 4800 万像素照片，不过我们手上这部 V20 的固件还没有加入这个功能，具体效果还要之后在看。,IMX586 还有很多先进的技术，比如嵌入到传感器中的曝光控制和信号处理的技术，支持 HDR 实时预览，理论上可以提供 4 倍于之前产品的动态范围。,回到手机上，废话不多说，大家先看样张。（注：以下样张均使用荣耀 V20 在自动模式下拍摄，打开 AI，选择 1200 万像素）。,在光照充足的情况下，荣耀 V20 倾向于用比较足的曝光策略获得尽可能多的细节，遇到大光比场景，荣耀 V20 会自动使用力度较大的 HDR 来获取更多的暗部细节，按下快门后手机会提示继续保持手机稳定。IMX586 最大的帮助在弱光下，得益于更大尺寸的传感器，荣耀 V20 的成像表现想比以往的荣耀手机有了大幅度的提升，表现已经可以媲美甚至超过不少定价更高的顶级旗舰。,荣耀 V20 还继续保留了 AIS 手持超级夜景功能，在暗光下可以通过长时间多张曝光合成获取宽容度更高、高光压制更好的照片。不过我个人反倒认为这个功能对于 V20 的意义不算很大，这倒不是说手持超级夜景拍出来的不好，而是因为 V20 在自动模式下拍出来的夜景照片已经非常出色了，多数时候没有太多必要再多花几秒使用手持超级夜景功能，具体大家可以参考下面两组照片。,
      ,
      ,
      ,此外，可能是考虑到这颗传感器的实力太强，荣耀 V20 在 IMX586、F1.8 的后置镜头之外，并没有配备额外的副摄（闪光灯左侧的是 TOF 模组，不参与成像），后置相机的变焦以及人像虚化都依赖这颗主镜头完成。,至于 TOF 模组（官方说法叫 TOF 立体深感镜头），我们这台搭载了测试固件的 V20 上还没有开放太多功能，目前可用的是 3D 美形塑身，原理是利用 TOF 模组获得的深度信息，针对检测到的骨骼点对人体进行美体塑形，有 10 级强度可选。之后，荣耀 V20 会在之后的系统更新中增加 YOYO 炫舞、体感游戏等更多基于 TOF 模组实现的功能。,综合看，在相机部分，荣耀 V20 可以说是拿出了十足的诚意。,一方面，新一代的 IMX586 传感器提供了非常出色的硬素质，让荣耀 V20 拥有了 3000 元价位第一档甚至是最佳的成像表现，后期通过优化应该还能挖掘出更大的潜力；另一方面，TOF 模组的加入还为荣耀 V20 增加了更多的可玩性，配合体感游戏配件能够带来更加丰富的使用场景。,荣耀 V20 的配置没什么意外，SoC 是最新的麒麟 980，最大存储规格 8GB+256GB。,980 是麒麟的新一代旗舰芯片，它在安卓 SoC 中首发了台积电的 7 纳米工艺。CPU 上，麒麟 980 包含了 2 个最高主频 2.6GHz 的 A76「超大核」、2 个最高主频 1.92GHz 的 A76「大核」、4 个最高主频 1.8GHz 的 A55「小核」，GPU 为 10 核的 Mali-G76，支持 2133MHz LPDDR4X 运行内存，NPU 升级到了双核。,根据华为官方提供的信息，对比麒麟 970，麒麟 980 的 CPU 性能提升了 75%，能效提升了 58%，GPU 性能提升了 46%，能效提升了 178%，NPU 性能提升了 226%，能效提升了 182%。,得益于 A76、Mali-G76、7 纳米、双核 NPU 等大量新技术，麒麟 980 在性能、功耗表现上都有了几乎是脱胎换骨的变化。至少在骁龙 855、Exynos 9820 等下一代旗舰 SoC 到来之前，麒麟 980 应该是安卓阵营中综合性能最强的 SoC。,值得一提的是，荣耀 V20 还搭载了 THE NINE 液冷散热，S 形设计的热管覆盖了相机、SoC 等核心模组，可以将内部的热量快速传导出来。荣耀表示，在高负载的极限场景下，The NINE 可以将 SoC 的温度降低 5 度。,在日常的使用中，麒麟 980 的加成是显而易见的，无论是 app 启动、多任务切换、滑动时的跟手度，搭载麒麟 980 的荣耀 V20 相比之前的 970 机型都有着明显的优势。,在游戏中，之前搭载 GPU Turbo 的麒麟 970 在多数主流游戏中的表现已经很不错了，麒麟 980 则更进一步，目前安卓手机里稳稳的顶级水准，没什么能挑剔的，具体效果大家可以看下面两张 GameBench 的曲线图。,系统方面，荣耀 V20 搭载了荣耀 Magic 2「同款」的 Magic UI，目前的版本号是 2.0.1，基于 Android 9，YOYO 语音助手、自定义语音指令、智能识物、智能识屏等功能都得到保留。,荣耀 V20 的电池容量达到了 4000 毫安时，配合能耗控制不错的麒麟 980 SoC，可以提供相当优秀的续航表现，一天的重度使用也没什么压力。,充电方面，荣耀 V20 用的是 22.5W 的低压大电流快充方案，相比 Magic 2 的 40W 要慢一点，不过依旧是同价位相当主流的表现，实测半小时可以充到差不多 50%。,此外，荣耀 V20 还搭载了可能是目前手机上最全的功能和接口，包括双频 GPS、WLAN 三天线、LDAC、红外（遥控电器）、NFC（支付、刷公交地铁卡）、USB-C 视频输出（可以启动桌面模式）、,。,用一句话概括的话，荣耀 V20 是一款非常「新」的产品。,盲孔全面屏、4800 万像素、7 纳米制程 SoC、TOF，这些都是几个月后的下一代安卓旗舰机很可能会用上的东西，荣耀把它们提前用在了 V20 上，这让 V20 在当前产品拥挤的智能手机市场形成了很高的辨识度。,可能更重要的是，荣耀并没有因为这些「新」东西而定一个更高的价格，虽然 2999 元的起售价比去年同期的 V10 贵了 300 元，不过如果把 6GB+128GB 的存储空间算进去，V20 的价格比 V10 还便宜了几百块，有着不错的性价比。,最后，荣耀 V20 三个版本的具体价格分别是 2999 元（6GB+128GB）、3499 元（8GB+128GB）、3999 元（8GB+256GB，MOSCHINO 联合设计版），12 月 28 日开售。",荣耀 V20 体验：盲孔屏+4800 万像素，2999 元起的高性价比
谁是大英雄,,2018/12/27,,"具有丰富想象力的智能家居场景正在成为华为又一个重要切入点。,2018 对华为来说是意义非凡的一年。,12 月 25 日，华为消费者业务 CEO 余承东在微博宣布，2018 年华为智能手机发货量（含荣耀）突破 2 亿台，在全球智能手机业务有所下滑的大背景下，这一成绩尤其难得。而从手机业务延伸，华为 2018 年终于在 AIoT 生态战略上迈出了重要一步。,伴随 10 月 26 日华为 Mate 20 系列发布会推出的华为 AI 音箱，华为在 IoT 方向上开始加速，这款产品发布至今两个月时间，日活率达到 84%，用户平均使用时长达到 72 分钟每天，不仅如此，围绕智能音箱打造的华为方舟实验室也终于在今天（12 月 26 日）揭开了神秘面纱。,对华为来说，在日益成长的手机用户基础之上 IoT 无疑是具有丰富联想的一大领域。若将这一战略看作一艘大船，方舟实验室就是引导方向的指挥室。作为首次对外亮相的华为 IoT 生态最重要实验室，这里不但会打通生态合作伙伴从产品研发到赋能的全流程，还是整个华为智能家庭产品的蓝图的制定者。,方舟实验室坐落于华为坂田基地培训中心 J1，占地面积大约 1000 平方米，本次极客公园在前方参观的过程中，也看到了包括产品认证区、联合创新区、产品陈列区以及场景开发区四大区域，这里也是业界目前唯一提供众多专业能力的实验室。,据了解，方舟实验室目前能够和合作伙伴在保密和互不影响的情况下，实现 HUAWEI HiLink 的快速集成开发，可大大缩短生态产品引入周期，最快 2-3 周即可完成；针对不同产品的使用功能，用户场景，华为会和合作伙伴从产品设计初始阶段协同，并在这里的实际环境中验证这些产品的实际体验。,华为消费者业务 CMO 朱永刚介绍到，华为的目标是把数字世界带入每个人、每个家庭、每个组织，从而构建万物互联的智能世界。过去多年华为在通信领域方向的建设如今已经取得一定成果，截止目前已经连接 3 亿台设备、2 亿个家庭，全球 100 多个品类的 200 个厂家已经加入到华为的 AIoT 生态中来。,在 5G 时代，一方面移动设备，IoT 设备拥有了超高速网络连接的能力，另一方面华为自主研发的麒麟 AI 芯片等智能芯片也将拥有更大舞台。围绕这两方面，华为正在打造其 HiLink 生态平台。,HUAWEI HiLink 涵盖了云、边、端、芯四层架构。芯片方面，华为提供端到端的差异化的芯片级安全能力，并即将在 2019 年推出超低功耗、高性能的华为 IoT 芯片；端侧方面，持续优化 Lite OS，内核只有 10K 大小，达到更高能效比、更省资源的目的；边缘侧方面，华为已经在全球部署超过 2000 万台智能路由，能够对 IoT 设备提供支持；云侧方面，华为 IoT 云平台可实现毫秒级响应，覆盖全球 100 多个国家及地区。,在华为方舟实验室，通过将 HiLink 能力与合作伙伴的智能产品打通，华为提供了智能产品在华为设备上的更好连接，更低功耗以及更便捷的使用，而在发布会上亮相的多款产品，正是 HiLink 能力的集中展现。,发布会上，华为带来了多款围绕华为 HiLINK 基础连接的智能家居产品，通过一个华为智能家居 APP 连接在一起，这些不同产品不但不用单独 APP 进行设定，还拥有更好的连接性稳定性更低功耗和更方便的使用特性，官方称之为「华为智选」，目前上线的产品不乏如今市面上最受关注的智能家居产品。,第一款是海雀 AI 全景摄像头，除了 1080p 全高清分辨率、10 米红外夜视等如今智能摄像头已经具备的功能外，这款产品最大的亮点在于支持 360 度无限循环监控功能，因此能够提供无死角的视频监控功能，另外这款产品搭载的 AI 智能识别人脸功能基于华为云 DNN 神经网络算法，因此提供了 AI 识别分类功能，可以区分家人与访客、陌生人等，官方售价 299 元。,第二款是来自汇泰龙的智能指纹锁，作为今年智能家居类中的热点，智能门锁无疑是日常使用中频次最高，最重视安全的产品。这款智能指纹锁拥有 C 级锁芯，提供了包括指纹识别解锁、数字密码解锁、NFC 解锁等多种解锁方式，并加入了独特的三角舌构造用来检测锁和门的状态。由于接入了华为 HiLink 平台，这款门锁可以通过华为智能家居 APP 查看门锁开关情况，官方售价 2299 元。,智能传感器和网关作为智能家居产品的一部分如今越来越受到人们重视，作为第三款产品的豪恩智能家庭套装就提供了一系列围绕家庭场景的设备，包括多功能网关、红外人体传感器、门窗传感器以及温湿度传感器在内的四种产品，一方面可以感知家庭场景中的各种状态，另一方面还能配合其他华为 HiLink 智能生态设备达到智能家居联动，比如配合空调实现智能控温，配合加湿器实现室内湿度调节，全套四款传感器售价 429 元。,最后一款是 720 全效空气净化器，拥有每小时 500 立方米的 CADR 值，还提供了甲醛吸附，深紫外灭菌能力，内置有 PM 2.5 激光传感器，能做到室内空气质量的连续测量，配合华为 HiLink 平台，也可以对接到华为智能家居 APP，实现室内场景联动，官方价格 1299 元，,尽管如今在智能家居市场上述产品不乏竞争者，但在华为看来，在 5G 时代来临的当下，华为在基础通信设施的建设以及手机用户的庞大基础让 AIoT 生态顺理成章，如华为消费者业务首席战略官邵洋所说，华为的目标是「构筑全场景智慧生活体验，实现更自然的交互和更智慧的触达」，这一目标离不开华为与合作伙伴共同打造的这一系列产品。,实际上在今年十一月全球移动宽带论坛上，华为轮值董事长胡厚崑就在演讲中提到，5G 时代下正在把智能设备推向新高度，而伴随如今的生态战略启动，一个平台化的，永远在线的华为智能平台正在初现雏形，应该用不了多久，我们就能看到越来越多的华为智选产品出现在官网上了。（编辑：贾伯斯龙）",多款智能家居新品亮相，华为智选究竟选出了什么？
